🏠 กลับสู่หน้าแรก (Go to Home Page),,,,,,,,,,,,,,,,
ข้อที่,คำถาม,รูปถาม,ตัวเลือก 1,ตัวเลือก 2,ตัวเลือก 3,ตัวเลือก 4,ตัวเลือก 5,เฉลย (ตัวเลข 1-5),คำอธิบายเฉลย,รูปเฉลย,Filter หมวด/Subtopic,Product / Clinic,หมายเหตุ,ประเภทข้อสอบ,ปี / เลขชุด,
2,"ผู้ป่วยชายอายุ 58 ปี ผู้ป่วยมีประวัติเป็นโรคมาเก๊ามา 5 ปี กำเริบเฉียบพลันประมาณ 2 ครั้ง/ปี
บริเวณข้อเท้าและหัวแม่เท้า ปัจจุบันได้รับยา allopurinol 300 mg 11 ตรวจเลือดล่าสุด 3 เดือนก่อนได้ค่า serum uric
acid 7.2 mg/dL และมีโรคประจำตัวคือ type2 DM, HTN ตอนนี้ใช้ยา lorsatan metformin aspirin เมื่อ 2 วันก่อน
จากการพิจารณาคุณสมบัติโครงสร้างของยา febuxostat วิธีการข้อใด ไม่เหมาะสมที่สุด
ในการพัฒนาวิธีวิเคราะห์เพื่อควบคุมคุณภาพยา (หาปริมาณตัวยาสำคัญ หรือ พิสูจน์อัตลักษณ์)",,Chromatography,HPLC-UV,Mass spectroscopy,FT-IR spectroscopy,Spectrofluorometer,3,"✅ คำตอบที่ถูกต้อง: ข้อ ค. Mass spectroscopy

💡 Background:
ผู้ป่วยมีภาวะ Acute Gout Flare จากการตกผลึกของ Monosodium urate (MSU) ในข้อ ทำให้เกิดการอักเสบเฉียบพลัน ปวด บวม แดง ร้อนอย่างรุนแรง

🎯 ทำไมข้อนี้ถึงถูก:
Mass spectroscopy การเลือก Mass spectroscopy เป็นคำตอบที่ถูกต้องและสอดคล้องกับ evidence-based guidelines ของภาวะ HPLC (Liquid Chromatography) โดยมี clinical efficacy สูงสุดในการรักษาและมี safety profile ที่เหมาะสม

🔍 ข้ออื่นผิดเพราะอะไร:
• ข้อ ก. (Chromatography): ข้อนี้ไม่ใช่คำตอบที่ถูกต้องสำหรับภาวะ HPLC (Liquid Chromatography) เนื่องจากกลไกการออกฤทธิ์, efficacy หรือข้อบ่งใช้ไม่ตรงกับโจทย์ที่กำหนด
• ข้อ ข. (HPLC-UV): ข้อนี้ไม่ใช่คำตอบที่ถูกต้องสำหรับภาวะ HPLC (Liquid Chromatography) เนื่องจากกลไกการออกฤทธิ์, efficacy หรือข้อบ่งใช้ไม่ตรงกับโจทย์ที่กำหนด
• ข้อ ง. (FT-IR spectroscopy): ข้อนี้ไม่ใช่คำตอบที่ถูกต้องสำหรับภาวะ HPLC (Liquid Chromatography) เนื่องจากกลไกการออกฤทธิ์, efficacy หรือข้อบ่งใช้ไม่ตรงกับโจทย์ที่กำหนด
• ข้อ จ. (Spectrofluorometer): ข้อนี้ไม่ใช่คำตอบที่ถูกต้องสำหรับภาวะ HPLC (Liquid Chromatography) เนื่องจากกลไกการออกฤทธิ์, efficacy หรือข้อบ่งใช้ไม่ตรงกับโจทย์ที่กำหนด

📖 Guideline อ้างอิง:
2020 American College of Rheumatology (ACR) Guideline for the Management of Gout & แนวทางเวชปฏิบัติการดูแลรักษาโรคเกาต์ พ.ศ. 2555 (สมาคมรูมาติสซั่มแห่งประเทศไทย)

📌 จุดจำก่อนสอบ:
• Renal Safety Limit: ห้ามใช้ (contraindication) เมื่อ eGFR < 30 mL/min/1.73 m² และไม่ควรเริ่มยาเมื่อ eGFR 30-44 mL/min เนื่องจากเสี่ยงต่อ fatal Lactic Acidosis
• Contrast Procedure: ต้องหยุดยาก่อนหรือในวันที่ฉีดสารทึบรังสีชนิด iodinated radiocontrast และประเมิน eGFR ซ้ำหลังตรวจ 48 ชม. ก่อนเริ่มยาใหม่
• Long-term Monitoring: การใช้ระยะยาวลดการดูดซึม Vitamin B12 ควรตรวจติดตาม CBC และระดับวิตามินบี 12 เป็นระยะ",,HPLC (Liquid Chromatography),Chromatography,Mock PLE-CC 1 ข้อ 10,Mock,Mock RxCU83,UV spectroscopy
3,"ผู้ป่วยชายอายุ 58 ปี ผู้ป่วยมีประวัติเป็นโรคมาเก๊ามา 5 ปี กำเริบเฉียบพลันประมาณ 2 ครั้ง/ปี
บริเวณข้อเท้าและหัวแม่เท้า ปัจจุบันได้รับยา allopurinol 300 mg 11 ตรวจเลือดล่าสุด 3 เดือนก่อนได้ค่า serum uric
acid 7.2 mg/dL และมีโรคประจำตัวคือ type2 DM, HTN ตอนนี้ใช้ยา lorsatan metformin aspirin เมื่อ 2 วันก่อน
การวิเคราะห์ปริมาณโซเดียมในผลิตภัณฑ์อาหาร สำหรับประเมินความเสี่ยงโรคความดันโลหิตสูง
วิธีวิเคราะห์ใดมีความแม่นยำและถูกต้องมากที่สุด",,Chromatography,UV-vis,ICP-OES/ICP-MS,FTIR,TLC,1,"✅ คำตอบที่ถูกต้อง: ข้อ ก. Chromatography

💡 Background:
ผู้ป่วยมีภาวะ Acute Gout Flare จากการตกผลึกของ Monosodium urate (MSU) ในข้อ ทำให้เกิดการอักเสบเฉียบพลัน ปวด บวม แดง ร้อนอย่างรุนแรง

🎯 ทำไมข้อนี้ถึงถูก:
Chromatography การเลือก Chromatography เป็นคำตอบที่ถูกต้องและสอดคล้องกับ evidence-based guidelines ของภาวะ HPLC (Liquid Chromatography) โดยมี clinical efficacy สูงสุดในการรักษาและมี safety profile ที่เหมาะสม

🔍 ข้ออื่นผิดเพราะอะไร:
• ข้อ ข. (UV-vis): ข้อนี้ไม่ใช่คำตอบที่ถูกต้องสำหรับภาวะ HPLC (Liquid Chromatography) เนื่องจากกลไกการออกฤทธิ์, efficacy หรือข้อบ่งใช้ไม่ตรงกับโจทย์ที่กำหนด
• ข้อ ค. (ICP-OES/ICP-MS): ข้อนี้ไม่ใช่คำตอบที่ถูกต้องสำหรับภาวะ HPLC (Liquid Chromatography) เนื่องจากกลไกการออกฤทธิ์, efficacy หรือข้อบ่งใช้ไม่ตรงกับโจทย์ที่กำหนด
• ข้อ ง. (FTIR): ข้อนี้ไม่ใช่คำตอบที่ถูกต้องสำหรับภาวะ HPLC (Liquid Chromatography) เนื่องจากกลไกการออกฤทธิ์, efficacy หรือข้อบ่งใช้ไม่ตรงกับโจทย์ที่กำหนด
• ข้อ จ. (TLC): ข้อนี้ไม่ใช่คำตอบที่ถูกต้องสำหรับภาวะ HPLC (Liquid Chromatography) เนื่องจากกลไกการออกฤทธิ์, efficacy หรือข้อบ่งใช้ไม่ตรงกับโจทย์ที่กำหนด

📖 Guideline อ้างอิง:
2020 American College of Rheumatology (ACR) Guideline for the Management of Gout & แนวทางเวชปฏิบัติการดูแลรักษาโรคเกาต์ พ.ศ. 2555 (สมาคมรูมาติสซั่มแห่งประเทศไทย)

📌 จุดจำก่อนสอบ:
• Renal Safety Limit: ห้ามใช้ (contraindication) เมื่อ eGFR < 30 mL/min/1.73 m² และไม่ควรเริ่มยาเมื่อ eGFR 30-44 mL/min เนื่องจากเสี่ยงต่อ fatal Lactic Acidosis
• Contrast Procedure: ต้องหยุดยาก่อนหรือในวันที่ฉีดสารทึบรังสีชนิด iodinated radiocontrast และประเมิน eGFR ซ้ำหลังตรวจ 48 ชม. ก่อนเริ่มยาใหม่
• Long-term Monitoring: การใช้ระยะยาวลดการดูดซึม Vitamin B12 ควรตรวจติดตาม CBC และระดับวิตามินบี 12 เป็นระยะ",,HPLC (Liquid Chromatography),Chromatography,Mock PLE-CC 1 ข้อ 21,Mock,Mock RxCU83,NMR
4,ข้อใดเป็นกระบวนการที่เกี่ยวข้องกับ upstream process ของ biologic เช่น monoconal antibody,,Chromatography,การเตรียมสูตรตำรับ (formulation) และบรรจุปราศจากเชื้อ,การทำให้บริสุทธิ์ด้วย affinity chromatography,การเลี้ยงเชื้อภายใน bioreactor เพื่อผลิตโปรตีน,การทดสอบวามคงตัวของผลิตภัณฑ์หลังบรรจุ,3,"✅ คำตอบที่ถูกต้อง: ข้อ ค. การทำให้บริสุทธิ์ด้วย affinity chromatography

💡 Background:
การบริบาลผู้ป่วยในกลุ่มโรค HPLC (Liquid Chromatography) มุ่งเน้นการควบคุมโรคและลดความเสี่ยงต่อภาวะแทรกซ้อนด้วย evidence-based pharmacotherapy

🎯 ทำไมข้อนี้ถึงถูก:
การทำให้บริสุทธิ์ด้วย affinity chromatography การเลือก การทำให้บริสุทธิ์ด้วย affinity chromatography เป็นคำตอบที่ถูกต้องและสอดคล้องกับ evidence-based guidelines ของภาวะ HPLC (Liquid Chromatography) โดยมี clinical efficacy สูงสุดในการรักษาและมี safety profile ที่เหมาะสม

🔍 ข้ออื่นผิดเพราะอะไร:
• ข้อ ก. (Chromatography): ข้อนี้ไม่ใช่คำตอบที่ถูกต้องสำหรับภาวะ HPLC (Liquid Chromatography) เนื่องจากกลไกการออกฤทธิ์, efficacy หรือข้อบ่งใช้ไม่ตรงกับโจทย์ที่กำหนด
• ข้อ ข. (การเตรียมสูตรตำรับ (formulation) และบรรจุปราศจากเชื้อ): ข้อนี้ไม่ใช่คำตอบที่ถูกต้องสำหรับภาวะ HPLC (Liquid Chromatography) เนื่องจากกลไกการออกฤทธิ์, efficacy หรือข้อบ่งใช้ไม่ตรงกับโจทย์ที่กำหนด
• ข้อ ง. (การเลี้ยงเชื้อภายใน bioreactor เพื่อผลิตโปรตีน): ข้อนี้ไม่ใช่คำตอบที่ถูกต้องสำหรับภาวะ HPLC (Liquid Chromatography) เนื่องจากกลไกการออกฤทธิ์, efficacy หรือข้อบ่งใช้ไม่ตรงกับโจทย์ที่กำหนด
• ข้อ จ. (การทดสอบวามคงตัวของผลิตภัณฑ์หลังบรรจุ): ข้อนี้ไม่ใช่คำตอบที่ถูกต้องสำหรับภาวะ HPLC (Liquid Chromatography) เนื่องจากกลไกการออกฤทธิ์, efficacy หรือข้อบ่งใช้ไม่ตรงกับโจทย์ที่กำหนด

📖 Guideline อ้างอิง:
[NEED_REVIEW]

📌 จุดจำก่อนสอบ:
• Reversed-Phase Chromatography: Stationary phase ไม่มีขั้ว (Non-polar: C18/C8), Mobile phase มีขั้ว (Polar: Water, Methanol, Acetonitrile); สารมีขั้วสูงจะ elute ออกมาก่อน
• System Suitability Parameters: เกณฑ์มาตรฐาน USP: Theoretical plates (N) > 2,000, Tailing factor (T) 0.9-1.5, Resolution (Rs) > 1.5, %RSD < 2.0%
• Gradient vs Isocratic: Gradient elution ปรับเปลี่ยนสัดส่วน mobile phase ระหว่างรัน เหมาะสำหรับตัวอย่างที่มีสารขั้วต่างกันมาก เพื่อลดเวลาการวิเคราะห์",,HPLC (Liquid Chromatography),Chromatography,Mock PLE-CC 1 ข้อ 78,Mock,Mock RxCU83,"การกรองเพื่อให้บริสุทธิ์ (ultrafiltration, filtration)"
5,ข้อใดไม่เหมาะสมในการ identification ethinyl estradiol,,Chromatography,HPLC-UV,HPLC MS,FTIR,ICP UV,3,"✅ คำตอบที่ถูกต้อง: ข้อ ค. HPLC MS

💡 Background:
การบริบาลผู้ป่วยในกลุ่มโรค HPLC (Liquid Chromatography) มุ่งเน้นการควบคุมโรคและลดความเสี่ยงต่อภาวะแทรกซ้อนด้วย evidence-based pharmacotherapy

🎯 ทำไมข้อนี้ถึงถูก:
HPLC MS การเลือก HPLC MS เป็นคำตอบที่ถูกต้องและสอดคล้องกับ evidence-based guidelines ของภาวะ HPLC (Liquid Chromatography) โดยมี clinical efficacy สูงสุดในการรักษาและมี safety profile ที่เหมาะสม

🔍 ข้ออื่นผิดเพราะอะไร:
• ข้อ ก. (Chromatography): ข้อนี้ไม่ใช่คำตอบที่ถูกต้องสำหรับภาวะ HPLC (Liquid Chromatography) เนื่องจากกลไกการออกฤทธิ์, efficacy หรือข้อบ่งใช้ไม่ตรงกับโจทย์ที่กำหนด
• ข้อ ข. (HPLC-UV): ข้อนี้ไม่ใช่คำตอบที่ถูกต้องสำหรับภาวะ HPLC (Liquid Chromatography) เนื่องจากกลไกการออกฤทธิ์, efficacy หรือข้อบ่งใช้ไม่ตรงกับโจทย์ที่กำหนด
• ข้อ ง. (FTIR): ข้อนี้ไม่ใช่คำตอบที่ถูกต้องสำหรับภาวะ HPLC (Liquid Chromatography) เนื่องจากกลไกการออกฤทธิ์, efficacy หรือข้อบ่งใช้ไม่ตรงกับโจทย์ที่กำหนด
• ข้อ จ. (ICP UV): ข้อนี้ไม่ใช่คำตอบที่ถูกต้องสำหรับภาวะ HPLC (Liquid Chromatography) เนื่องจากกลไกการออกฤทธิ์, efficacy หรือข้อบ่งใช้ไม่ตรงกับโจทย์ที่กำหนด

📖 Guideline อ้างอิง:
[NEED_REVIEW]

📌 จุดจำก่อนสอบ:
• Reversed-Phase Chromatography: Stationary phase ไม่มีขั้ว (Non-polar: C18/C8), Mobile phase มีขั้ว (Polar: Water, Methanol, Acetonitrile); สารมีขั้วสูงจะ elute ออกมาก่อน
• System Suitability Parameters: เกณฑ์มาตรฐาน USP: Theoretical plates (N) > 2,000, Tailing factor (T) 0.9-1.5, Resolution (Rs) > 1.5, %RSD < 2.0%
• Gradient vs Isocratic: Gradient elution ปรับเปลี่ยนสัดส่วน mobile phase ระหว่างรัน เหมาะสำหรับตัวอย่างที่มีสารขั้วต่างกันมาก เพื่อลดเวลาการวิเคราะห์",,HPLC (Liquid Chromatography),Chromatography,Mock PLE-CC 1 ข้อ 92,Mock,Mock RxCU83,NMR
6,"บริษัทแห่งหนึ่งต้องการปรับปรุง สูตรตำรับ ยาแก้ปวดสูตรผสมด้วยเทคนิค HPLC ต้องการจัดทำ protocol
ตรวจสอบความถูกต้องของวิธีวิเคราะห์ ข้อใดไม่เหมาะสม",,Chromatography,Specificity ด้วยวิธี forced degradation,Linearity ที่ 95 % 105% 110% ของ label claim,Precision และ Intermediate precision พร้อมกำหนดเกณฑ์ %RSD=2.0,Accuracy spike สารมาตรฐานลงในplacebo 80% 100% 120% ของความเข้มข้นเป้าหมาย,2,"✅ คำตอบที่ถูกต้อง: ข้อ ข. Specificity ด้วยวิธี forced degradation

💡 Background:
การบริบาลผู้ป่วยในกลุ่มโรค HPLC (Liquid Chromatography) มุ่งเน้นการควบคุมโรคและลดความเสี่ยงต่อภาวะแทรกซ้อนด้วย evidence-based pharmacotherapy

🎯 ทำไมข้อนี้ถึงถูก:
Specificity ด้วยวิธี forced degradation การเลือก Specificity ด้วยวิธี forced degradation เป็นคำตอบที่ถูกต้องและสอดคล้องกับ evidence-based guidelines ของภาวะ HPLC (Liquid Chromatography) โดยมี clinical efficacy สูงสุดในการรักษาและมี safety profile ที่เหมาะสม

🔍 ข้ออื่นผิดเพราะอะไร:
• ข้อ ก. (Chromatography): ข้อนี้ไม่ใช่คำตอบที่ถูกต้องสำหรับภาวะ HPLC (Liquid Chromatography) เนื่องจากกลไกการออกฤทธิ์, efficacy หรือข้อบ่งใช้ไม่ตรงกับโจทย์ที่กำหนด
• ข้อ ค. (Linearity ที่ 95 % 105% 110% ของ label claim): ข้อนี้ไม่ใช่คำตอบที่ถูกต้องสำหรับภาวะ HPLC (Liquid Chromatography) เนื่องจากกลไกการออกฤทธิ์, efficacy หรือข้อบ่งใช้ไม่ตรงกับโจทย์ที่กำหนด
• ข้อ ง. (Precision และ Intermediate precision พร้อมกำหนดเกณฑ์ %RSD=2.0): ข้อนี้ไม่ใช่คำตอบที่ถูกต้องสำหรับภาวะ HPLC (Liquid Chromatography) เนื่องจากกลไกการออกฤทธิ์, efficacy หรือข้อบ่งใช้ไม่ตรงกับโจทย์ที่กำหนด
• ข้อ จ. (Accuracy spike สารมาตรฐานลงในplacebo 80% 100% 120% ของความเข้มข้นเป้าหมาย): ข้อนี้ไม่ใช่คำตอบที่ถูกต้องสำหรับภาวะ HPLC (Liquid Chromatography) เนื่องจากกลไกการออกฤทธิ์, efficacy หรือข้อบ่งใช้ไม่ตรงกับโจทย์ที่กำหนด

📖 Guideline อ้างอิง:
[NEED_REVIEW]

📌 จุดจำก่อนสอบ:
• Reversed-Phase Chromatography: Stationary phase ไม่มีขั้ว (Non-polar: C18/C8), Mobile phase มีขั้ว (Polar: Water, Methanol, Acetonitrile); สารมีขั้วสูงจะ elute ออกมาก่อน
• System Suitability Parameters: เกณฑ์มาตรฐาน USP: Theoretical plates (N) > 2,000, Tailing factor (T) 0.9-1.5, Resolution (Rs) > 1.5, %RSD < 2.0%
• Gradient vs Isocratic: Gradient elution ปรับเปลี่ยนสัดส่วน mobile phase ระหว่างรัน เหมาะสำหรับตัวอย่างที่มีสารขั้วต่างกันมาก เพื่อลดเวลาการวิเคราะห์",,HPLC (Liquid Chromatography),Chromatography,Mock PLE-CC 1 ข้อ 116,Mock,Mock RxCU83,"Robustness ด้วยการเปลี่ยน mobile phase และ อุณหภูมิของคอลัมน์"""
7,ในการวิเคราะห์ยา Amitriptyline tablets (pKa ≈ 9.7) ด้วยเทคนิค Reversed-Phase HPLC โดยใช้ Stationary phase เป็น C18 (Octadecylsilane) และ Mobile phase เริ่มต้นเป็น Acetonitrile : Buffer pH 2.5 ในอัตราส่วน 42 : 58 หากปรับเปลี่ยนอัตราส่วนของ Mobile phase เป็น Acetonitrile : Buffer pH 2.5 ในอัตราส่วน 60 : 40 จะส่งผลต่อระยะเวลาคงอยู่ (Retention time; tR) ของตัวยา Amitriptyline อย่างไร,,Retention time ลดลง เนื่องจากสัดส่วน Organic phase เพิ่มขึ้น ทำให้ความแรงในการชะ (Elution strength) สูงขึ้น สารจึงถูกชะออกจากคอลัมน์เร็วขึ้น,Retention time เพิ่มขึ้น เนื่องจาก Organic phase เพิ่มขึ้น ทำให้สารเกิดอันตรกิริยากับ Stationary phase แน่นหนาขึ้น,Retention time ไม่เปลี่ยนแปลง เนื่องจากสัดส่วนของสารละลายบัฟเฟอร์ไม่มีผลต่อการชะของยาในระบบ Reversed-phase,Retention time เพิ่มขึ้น เนื่องจากยา Amitriptyline แตกตัวเป็นอิสระ (Unionized) มากขึ้น,ไม่สามารถทำนายผลได้ เนื่องจากขึ้นอยู่กับอัตราการไหล (Flow rate) เพียงอย่างเดียว,1,"✅ คำตอบที่ถูกต้อง: ข้อ ก. Retention time ลดลง เนื่องจากสัดส่วน Organic phase เพิ่มขึ้น ทำให้ความแรงในการชะ (Elution strength) สูงขึ้น สารจึงถูกชะออกจากคอลัมน์เร็วขึ้น

💡 Background:
ในระบบ Reversed-Phase Chromatography (RP-HPLC):
• Stationary phase เป็น สารไม่มีขั้ว (Non-polar เช่น C18)
• Mobile phase เป็น สารมีขั้ว (Polar เช่น น้ำ/บัฟเฟอร์ ผสมกับ Organic modifier เช่น Acetonitrile หรือ Methanol)

🎯 ทำไมข้อนี้ถึงถูก:
ใน RP-HPLC สารอินทรีย์ (Organic modifier เช่น Acetonitrile) ทำหน้าที่เป็น Strong solvent ที่ช่วยเพิ่มแรงในการชะขั้วต่ำ เมื่อเพิ่มสัดส่วน Acetonitrile จาก 42% เป็น 60% สภาพขั้วของ Mobile phase จะลดลง (Non-polar character เพิ่มขึ้น) ทำให้แรงดึงดูดของ Mobile phase ต่อโมเลกุลยาเพิ่มขึ้นอย่างมาก ตัวยาจึงหลุดออกจากผิวหน้า C18 เร็วขึ้น ส่งผลให้ Retention time (tR) ลดลงอย่างชัดเจน

🔍 ข้ออื่นผิดเพราะอะไร:
• ข้อ ข., ง.: ผิดหลักการ RP-HPLC การเพิ่ม Organic solvent จะลด Retention time เสมอ (ตรงข้ามกับ Normal-phase)
• ข้อ ค.: สัดส่วนของ Organic phase เป็นปัจจัยหลักที่มีอิทธิพลสูงสุดต่อความแรงในการชะ (Elution strength)
• ข้อ จ.: สัดส่วน Mobile phase เป็นตัวกำหนดค่าความจุ (Capacity factor; k') โดยตรง

📖 Guideline อ้างอิง:
USP <621> Chromatography & Snyder Practical HPLC Method Development

📌 จุดจำก่อนสอบ:
• Reversed-Phase Rule: เพิ่ม Organic solvent (% ACN หรือ MeOH) → Elution strength เพิ่มขึ้น → Retention time (tR) ลดลงเสมอ",Reversed-Phase HPLC,ข้อสอบ Product (RP-HPLC Mobile Phase Elution Strength),Chromatography,Mock PLE-CC 1 ข้อ 117,Mock,Mock RxCU83,
8,"เป็น ru/rt = (ให้พีคมาสามพีค+ตาราง peak area สามค่า) คำนวณพีค แล้วบอกว่าผ่าน/ไม่ผ่านมาตรฐาน -
guanine 500, acyclovir 19300, อื่นๆ 200 → กำหนดให้ผ่านที่ guanine <2%, อื่นๆ < 0.5%",,Chromatography,Guanine 2.5% อื่น ๆ 1% ไม่ผ่านเกณฑ์,Thin Layer Chromatography (TLC),Ion-Exchange Chromatography (IEC),Size Exclusion Chromatography (SEC),1,"✅ คำตอบที่ถูกต้อง: ข้อ ก. Chromatography

💡 Background:
การบริบาลผู้ป่วยในกลุ่มโรค HPLC (Liquid Chromatography) มุ่งเน้นการควบคุมโรคและลดความเสี่ยงต่อภาวะแทรกซ้อนด้วย evidence-based pharmacotherapy

🎯 ทำไมข้อนี้ถึงถูก:
Chromatography การเลือก Chromatography เป็นคำตอบที่ถูกต้องและสอดคล้องกับ evidence-based guidelines ของภาวะ HPLC (Liquid Chromatography) โดยมี clinical efficacy สูงสุดในการรักษาและมี safety profile ที่เหมาะสม

🔍 ข้ออื่นผิดเพราะอะไร:
• ข้อ ข. (Guanine 2.5% อื่น ๆ 1% ไม่ผ่านเกณฑ์): ข้อนี้ไม่ใช่คำตอบที่ถูกต้องสำหรับภาวะ HPLC (Liquid Chromatography) เนื่องจากกลไกการออกฤทธิ์, efficacy หรือข้อบ่งใช้ไม่ตรงกับโจทย์ที่กำหนด
• ข้อ ค. (Thin Layer Chromatography (TLC)): ข้อนี้ไม่ใช่คำตอบที่ถูกต้องสำหรับภาวะ HPLC (Liquid Chromatography) เนื่องจากกลไกการออกฤทธิ์, efficacy หรือข้อบ่งใช้ไม่ตรงกับโจทย์ที่กำหนด
• ข้อ ง. (Ion-Exchange Chromatography (IEC)): ข้อนี้ไม่ใช่คำตอบที่ถูกต้องสำหรับภาวะ HPLC (Liquid Chromatography) เนื่องจากกลไกการออกฤทธิ์, efficacy หรือข้อบ่งใช้ไม่ตรงกับโจทย์ที่กำหนด
• ข้อ จ. (Size Exclusion Chromatography (SEC)): ข้อนี้ไม่ใช่คำตอบที่ถูกต้องสำหรับภาวะ HPLC (Liquid Chromatography) เนื่องจากกลไกการออกฤทธิ์, efficacy หรือข้อบ่งใช้ไม่ตรงกับโจทย์ที่กำหนด

📖 Guideline อ้างอิง:
[NEED_REVIEW]

📌 จุดจำก่อนสอบ:
• Crystal Nephropathy Prevention: การให้ยาทางหลอดเลือดดำ (IV) ต้องฉีดช้าๆ (infusion > 1 ชม.) และให้ hydration อย่างเพียงพอเพื่อป้องกัน acyclovir crystal precipitation ใน renal tubules
• Time-Sensitive Initiation: ใน Herpes zoster หรือ Herpes simplex ต้องเริ่มยาภายใน 48-72 ชั่วโมงหลังเกิดรอยโรคจึงจะได้ efficacy สูงสุด",,HPLC (Liquid Chromatography),Chromatography,Mock PLE-CC 1 ข้อ 127,Mock,Mock RxCU83,
9,ภายหลังแพทย์มีการจ่ายยา Trazodone ให้ โดยมีข้อระวังเรื่องหน้ามืดเวลาขยับท่าทาง ถามว่าอาการนี้เกิด จากการยับยั้ง receptor ในข้อใด,,Chromatography,alpha-1 receptor,5-HT2A,M1 receptor,H1 receptor,1,"✅ คำตอบที่ถูกต้อง: ข้อ ก. Chromatography

💡 Background:
การบริบาลผู้ป่วยในกลุ่มโรค HPLC (Liquid Chromatography) มุ่งเน้นการควบคุมโรคและลดความเสี่ยงต่อภาวะแทรกซ้อนด้วย evidence-based pharmacotherapy

🎯 ทำไมข้อนี้ถึงถูก:
Chromatography การเลือก Chromatography เป็นคำตอบที่ถูกต้องและสอดคล้องกับ evidence-based guidelines ของภาวะ HPLC (Liquid Chromatography) โดยมี clinical efficacy สูงสุดในการรักษาและมี safety profile ที่เหมาะสม

🔍 ข้ออื่นผิดเพราะอะไร:
• ข้อ ข. (alpha-1 receptor): ข้อนี้ไม่ใช่คำตอบที่ถูกต้องสำหรับภาวะ HPLC (Liquid Chromatography) เนื่องจากกลไกการออกฤทธิ์, efficacy หรือข้อบ่งใช้ไม่ตรงกับโจทย์ที่กำหนด
• ข้อ ค. (5-HT2A): ข้อนี้ไม่ใช่คำตอบที่ถูกต้องสำหรับภาวะ HPLC (Liquid Chromatography) เนื่องจากกลไกการออกฤทธิ์, efficacy หรือข้อบ่งใช้ไม่ตรงกับโจทย์ที่กำหนด
• ข้อ ง. (M1 receptor): ข้อนี้ไม่ใช่คำตอบที่ถูกต้องสำหรับภาวะ HPLC (Liquid Chromatography) เนื่องจากกลไกการออกฤทธิ์, efficacy หรือข้อบ่งใช้ไม่ตรงกับโจทย์ที่กำหนด
• ข้อ จ. (H1 receptor): ข้อนี้ไม่ใช่คำตอบที่ถูกต้องสำหรับภาวะ HPLC (Liquid Chromatography) เนื่องจากกลไกการออกฤทธิ์, efficacy หรือข้อบ่งใช้ไม่ตรงกับโจทย์ที่กำหนด

📖 Guideline อ้างอิง:
[NEED_REVIEW]

📌 จุดจำก่อนสอบ:
• Reversed-Phase Chromatography: Stationary phase ไม่มีขั้ว (Non-polar: C18/C8), Mobile phase มีขั้ว (Polar: Water, Methanol, Acetonitrile); สารมีขั้วสูงจะ elute ออกมาก่อน
• System Suitability Parameters: เกณฑ์มาตรฐาน USP: Theoretical plates (N) > 2,000, Tailing factor (T) 0.9-1.5, Resolution (Rs) > 1.5, %RSD < 2.0%
• Gradient vs Isocratic: Gradient elution ปรับเปลี่ยนสัดส่วน mobile phase ระหว่างรัน เหมาะสำหรับตัวอย่างที่มีสารขั้วต่างกันมาก เพื่อลดเวลาการวิเคราะห์",,HPLC (Liquid Chromatography),Chromatography,PLE_CC1_2567_Key ข้อ 22,ข้อสอบจริง,ปี 2567,Beta-2 receptor
10,จากข้อกำหนดการวิเคราะห์ปริมาณตัวยาสำคัญ (Assay) ของยา Ezetimibe ด้วยเทคนิค High-Performance Liquid Chromatography (HPLC) เภสัชตำรับระบุว่า Run time: NLT 2.4 times the retention time of ezetimibe peak หากผลการทดสอบพบว่าพีคของ Ezetimibe มี retention time (tR) เท่ากับ 5 นาที ในการวิเคราะห์นี้จะต้องกำหนด Run time ไม่น้อยกว่ากี่นาที,,12 นาที,5 นาที,8 นาที,10 นาที,2.4 นาที,1,"✅ คำตอบที่ถูกต้อง: ข้อ ก. 12 นาที

💡 Background:
การกำหนด Run time ในการวิเคราะห์ด้วยโครมาโทกราฟีเหลวสมรรถนะสูง (HPLC) มีความสำคัญอย่างยิ่งเพื่อให้แน่ใจว่าตัวยาสำคัญและสารประกอบที่เกี่ยวข้อง (Related substances/impurities) หรือสารตัวทำละลาย ถูกชะออกจากคอลัมน์จนหมด ป้องกันปัญหา Carry-over หรือ Ghost peaks ในการฉีดครั้งถัดไป

🎯 ทำไมข้อนี้ถึงถูก:
โจทย์กำหนดเงื่อนไข: Run time ต้องไม่น้อยกว่า 2.4 เท่าของ Retention time ของ Ezetimibe peak
• Retention time (tR) ของ Ezetimibe = 5 นาที
• คำนวณ Run time ขั้นต่ำ = 2.4 × 5 นาที = 12 นาที
ดังนั้น การวิเคราะห์นี้ต้องตั้งเวลา Run time ไม่น้อยกว่า 12 นาที

🔍 ข้ออื่นผิดเพราะอะไร:
• ข้อ ข. (5 นาที): เป็นเพียง retention time ของพีคยาหลัก หากหยุดรันที่ 5 นาที สารอื่นที่ชะออกช้ากว่าจะตกค้างในคอลัมน์
• ข้อ ค., ง., จ.: เป็นตัวเลขที่คำนวณไม่ถูกต้องตามตัวคูณ 2.4 เท่า

📖 Guideline อ้างอิง:
USP-NF Official Monograph: Ezetimibe Tablets & USP <621> Chromatography

📌 จุดจำก่อนสอบ:
• HPLC Run Time Calculation: Run time = Multiplier factor × Retention time (tR)",HPLC Method Parameters,ข้อสอบจริง PLE CC 1 ปี 2567 ข้อ 5,Chromatography,PLE_CC1_2567_Key ข้อ 23,ข้อสอบจริง,ปี 2567,
11,"ในการทดสอบความเหมาะสมของระบบ (System Suitability Test) สำหรับเครื่อง HPLC ตามเกณฑ์เภสัชตำรับ กำหนดสมการคำนวณจำนวนจานทฤษฎีคือ N = 5.54 × (tR / W0.5)² โดยผลการทดสอบพบว่าตัวยามีระยะเวลาคงอยู่ (tR) = 4.0 นาที และความกว้างของพีคที่ครึ่งหนึ่งของความสูงพีค (W0.5) = 0.1 นาที หากเภสัชตำรับกำหนดเกณฑ์ยอมรับของ N ต้องไม่น้อยกว่า 8,000 (NLT 8,000) ผลการทดสอบนี้ผ่านเกณฑ์หรือไม่ และคำนวณได้ค่า N เท่าใด",,"ผ่านเกณฑ์ยอมรับ เนื่องจากคำนวณได้ N = 8,864 (ซึ่ง > 8,000)","ไม่ผ่านเกณฑ์ยอมรับ เนื่องจากคำนวณได้ N = 4,432 (ซึ่ง < 8,000)","ผ่านเกณฑ์ยอมรับ เนื่องจากคำนวณได้ N = 11,080 (ซึ่ง > 8,000)","ไม่ผ่านเกณฑ์ยอมรับ เนื่องจากคำนวณได้ N = 2,216 (ซึ่ง < 8,000)",ไม่สามารถสรุปได้เนื่องจากต้องทราบค่า Peak tailing factor (T) ก่อน,1,"✅ คำตอบที่ถูกต้อง: ข้อ ก. ผ่านเกณฑ์ยอมรับ เนื่องจากคำนวณได้ N = 8,864 (ซึ่ง > 8,000)

💡 Background:
จำนวนจานทฤษฎี (Number of Theoretical Plates; N) เป็นพารามิเตอร์ใน System Suitability Test ตาม USP <621> ที่บ่งบอกถึง ประสิทธิภาพของคอลัมน์ (Column efficiency) ยิ่งค่า N สูง แสดงว่าพีคแคบแหลม คอลัมน์มีประสิทธิภาพการแยกสูง

🎯 ทำไมข้อนี้ถึงถูก:
จากสูตรคำนวณตามเภสัชตำรับ: N = 5.54 × (tR / W0.5)²
• แทนค่า tR = 4.0 นาที และ W0.5 = 0.1 นาที
• (tR / W0.5) = 4.0 / 0.1 = 40
• (40)² = 1,600
• N = 5.54 × 1,600 = 8,864 plates
เนื่องจากเกณฑ์ระบุ NLT 8,000 และค่าที่ได้คือ 8,864 ดังนั้น ผลการทดสอบจึง ผ่านเกณฑ์การยอมรับ

🔍 ข้ออื่นผิดเพราะอะไร:
• ข้อ ข., ค., ง.: เป็นตัวเลขที่คำนวณผิดพลาดทางคณิตศาสตร์
• ข้อ จ.: ค่า N สามารถคำนวณและสรุปผลตามเกณฑ์ Column efficiency ได้โดยตรง

📖 Guideline อ้างอิง:
USP <621> Chromatography – System Suitability & European Pharmacopoeia (Ph. Eur.) 2.2.46

📌 จุดจำก่อนสอบ:
• Theoretical Plates formula: N = 16 × (tR / W)² (ใช้ความกว้างที่ฐาน) หรือ N = 5.54 × (tR / W0.5)² (ใช้ความกว้างที่ครึ่งความสูง)",System Suitability (Theoretical Plates),ข้อสอบ Product (Column Efficiency N Calculation),Chromatography,PLE_CC1_2565_Day1_Key ข้อ 87,ข้อสอบจริง,ปี 2565,
12,ยาใดที่ต$องส-งมอบด$วยเภสัชกร aอนXาง non polar ↳ สารR non polar จะเคcอนRไปdบ mobile phase ไCไกลกfา (Rf มากกfา) สารR polar จะgบอLdบ stationary phase เคcอนRไปไChอยกfา (Rf hอย) เiยงjVบความ5kวของสาร : Metronidazole + hydroxyl + carboxyl > Metronidazole + carboxyl > Metronidazole VงWนaา Rf : Metronidazole + hydroxyl + carboxyl < Metronidazole + carboxyl < Metronidazole,,Chromatography,Clindamycin capsule 300 mg,Simethicone 40 mg,Povidone iodine 120 mL,น้ำเกลือล$างแผล 1 L,1,"✅ คำตอบที่ถูกต้อง: ข้อ ก. Chromatography

💡 Background:
การบริบาลผู้ป่วยในกลุ่มโรค TLC (Thin Layer) มุ่งเน้นการควบคุมโรคและลดความเสี่ยงต่อภาวะแทรกซ้อนด้วย evidence-based pharmacotherapy

🎯 ทำไมข้อนี้ถึงถูก:
Chromatography หลังจากนี้คือไม-มั่นใจละ) ซึ่งต$องขายในที่ๆได$รับอนุญาตอะไรสักอย-าง และยาสมุนไพร C มีเลขทะเบียนคือ G

🔍 ข้ออื่นผิดเพราะอะไร:
• ข้อ ข. (Clindamycin capsule 300 mg): ข้อนี้ไม่ใช่คำตอบที่ถูกต้องสำหรับภาวะ TLC (Thin Layer) เนื่องจากกลไกการออกฤทธิ์, efficacy หรือข้อบ่งใช้ไม่ตรงกับโจทย์ที่กำหนด
• ข้อ ค. (Simethicone 40 mg): ข้อนี้ไม่ใช่คำตอบที่ถูกต้องสำหรับภาวะ TLC (Thin Layer) เนื่องจากกลไกการออกฤทธิ์, efficacy หรือข้อบ่งใช้ไม่ตรงกับโจทย์ที่กำหนด
• ข้อ ง. (Povidone iodine 120 mL): เป็น Polyvinylpyrrolidone (PVP) ใช้เป็น Binder สำหรับ wet granulation ละลายได้ทั้งในน้ำและแอลกอฮอล์
• ข้อ จ. (น้ำเกลือล$างแผล 1 L): ข้อนี้ไม่ใช่คำตอบที่ถูกต้องสำหรับภาวะ TLC (Thin Layer) เนื่องจากกลไกการออกฤทธิ์, efficacy หรือข้อบ่งใช้ไม่ตรงกับโจทย์ที่กำหนด

📖 Guideline อ้างอิง:
[NEED_REVIEW]

📌 จุดจำก่อนสอบ:
• Evidence-Based Selection: ยึดหลักแนวทางเวชปฏิบัติมาตรฐานของภาวะ TLC (Thin Layer) โดยพิจารณาโรคร่วมและข้อห้ามใช้จำเพาะของผู้ป่วย
• Clinical Monitoring: วางแผนตรวจติดตามทั้งด้าน efficacy และ adverse drug reactions สำคัญอย่างต่อเนื่อง",,TLC (Thin Layer),Chromatography,PLE_CC1_2565_Day2_Key ข้อ 65,ข้อสอบจริง,ปี 2565,ยาล$างตา 240 mL ㅣ OTC สถานการณ6 ; A เปQนผู$รับอนุญาตฯ B เปQนเภสัช แล$ว A เอายาสมุนไพร C มาขายที่ร$าน พร$อมด$วย โบชัวโฆษณาชวนเชื่อ จากนั้นยา C ก็เปQนไวรัล คนแห-มาซื้อมากมาย แล$วลูกค$าหลายๆคนก็เริ่มจะมีอาการ (อะไรสักอย-างจำไม-ได$ ไตวายมั้ง) ก็เลยมีคนไปตรวจสอบยา C พบว-า ผลิตกันในบ$านแบบโฮมเมด และกำลัง เห็นเลยว-าใส-ยาสเตียรอยด6ลงไปในยาสมุนไพร ซึ่งยาสมุนไพรมีส-วนประกอบของเถาวัลย6เปรียงด$วย (ข$อความ xx/xx
13,"ให้โครงสร้างมาอันนึง วงให้ว่าตรงไหน pKa เท่าไร (2 จุด) ถามหา %ionized ของจุด A กับ B โดยกำหนดให้ A มี pKa = 4.5, B มี pKa = 10, ทำละลายที่ pH = 4.5 1) UV-visible spectrophotometer ใช้วัดการดูดกลืนแสง (absorbance) ในช่วง ultraviolet (UV) ความยาวคลื่น 200-400 nm และ visible light ความยาวคลื่น 400-800 nm ซึ่งสามารถวิเคราะห์ได้ทั้งเชิงคุณภาพและปริมาณ ในส่วนของเชิงคุณภาพสามารถใช้ในการตรวจยืนยันชนิดของสารได้ โดยสารที่จะวัดต้องมี UV spectrum เหมือนกับสารมาตรฐานที่วัดได้จากเครื่องเดียวกัน จึงจะสรุปได้ว่าทั้ง 2 สารเป็นสารเดียวกัน และในส ่ว นของเชิงปริมาณแบ่งออกเป็นการว ิเคราะห ์ปริมาณสำรเดี่ยว โดยใช้การเทียบกับสารมาตรฐานที่ทราบความเข้มข้นแน่นอน (ความเข้มข้นเดียว/หลายความเข้มข้น) และการวิเคราะห์ปริมาณสารผสม 2) High performance liquid chromatography (HPLC) ซึ่งใช้ UV-visible spectrophotometer เป็น detector ใช้วิเคราะห์ได้ทั้งเชิงคุณภาพและปริมาณ โดยเฉพาะการวิเคราะห์ปริมาณสารมากกว่า 1 ชนิดขึ้นไปในคราวเดียว ซึ่งผลวิเคราะห์จากเครื่อง HPLC จะเรียกว่า chromatogram มีลักษณะเป็นกราฟที่มีแกน X เป็นเวลา และแกน Y คือสัญญาณของ detector Sheet เรียน analyze 1, สรุป MCQ Rx50, อ.นุ้ย เรื่อง UV-Vis spectrometry Sheet เรียน analyze 2, สรุป MCQ Rx50, อ.นุ้ย เรื่อง HPLC ..............................................................................................................................................................................................................",,Chromatography,HILIC (Hydrophilic Interaction LC),Ultra-High Performance LC (UHPLC),GC-Mass Spectrometry (GC-MS),Reversed-Phase HPLC,1,"✅ คำตอบที่ถูกต้อง: ข้อ ก. Chromatography

💡 Background:
การบริบาลผู้ป่วยในกลุ่มโรค TLC (Thin Layer) มุ่งเน้นการควบคุมโรคและลดความเสี่ยงต่อภาวะแทรกซ้อนด้วย evidence-based pharmacotherapy

🎯 ทำไมข้อนี้ถึงถูก:
Chromatography การเลือก Chromatography เป็นคำตอบที่ถูกต้องและสอดคล้องกับ evidence-based guidelines ของภาวะ TLC (Thin Layer) โดยมี clinical efficacy สูงสุดในการรักษาและมี safety profile ที่เหมาะสม

🔍 ข้ออื่นผิดเพราะอะไร:
• ข้อ ข. (HILIC (Hydrophilic Interaction LC)): ข้อนี้ไม่ใช่คำตอบที่ถูกต้องสำหรับภาวะ TLC (Thin Layer) เนื่องจากกลไกการออกฤทธิ์, efficacy หรือข้อบ่งใช้ไม่ตรงกับโจทย์ที่กำหนด
• ข้อ ค. (Ultra-High Performance LC (UHPLC)): ข้อนี้ไม่ใช่คำตอบที่ถูกต้องสำหรับภาวะ TLC (Thin Layer) เนื่องจากกลไกการออกฤทธิ์, efficacy หรือข้อบ่งใช้ไม่ตรงกับโจทย์ที่กำหนด
• ข้อ ง. (GC-Mass Spectrometry (GC-MS)): ข้อนี้ไม่ใช่คำตอบที่ถูกต้องสำหรับภาวะ TLC (Thin Layer) เนื่องจากกลไกการออกฤทธิ์, efficacy หรือข้อบ่งใช้ไม่ตรงกับโจทย์ที่กำหนด
• ข้อ จ. (Reversed-Phase HPLC): ข้อนี้ไม่ใช่คำตอบที่ถูกต้องสำหรับภาวะ TLC (Thin Layer) เนื่องจากกลไกการออกฤทธิ์, efficacy หรือข้อบ่งใช้ไม่ตรงกับโจทย์ที่กำหนด

📖 Guideline อ้างอิง:
[NEED_REVIEW]

📌 จุดจำก่อนสอบ:
• Reversed-Phase Chromatography: Stationary phase ไม่มีขั้ว (Non-polar: C18/C8), Mobile phase มีขั้ว (Polar: Water, Methanol, Acetonitrile); สารมีขั้วสูงจะ elute ออกมาก่อน
• System Suitability Parameters: เกณฑ์มาตรฐาน USP: Theoretical plates (N) > 2,000, Tailing factor (T) 0.9-1.5, Resolution (Rs) > 1.5, %RSD < 2.0%
• Gradient vs Isocratic: Gradient elution ปรับเปลี่ยนสัดส่วน mobile phase ระหว่างรัน เหมาะสำหรับตัวอย่างที่มีสารขั้วต่างกันมาก เพื่อลดเวลาการวิเคราะห์",,TLC (Thin Layer),Chromatography,PLE_CC1_2564_All_Key ข้อ 70,ข้อสอบจริง,ปี 2564,
13,ให้monograph ของ USP ในการวิเคราะห์ simvastatin ถามว่าวิธีวิเคราะห์ปริมาณยาใช้วิธีอะไร วิเคราะห์หา %LA,,HPLC,GC,TLC,Mass spectroscopy,UV-visible spectroscopy,1,"✅ คำตอบที่ถูกต้อง: ข้อ ก. HPLC

💡 Background:
การวิเคราะห์และการควบคุมคุณภาพทางเภสัชกรรม (QC) ต้องเลือกเทคนิคที่ให้ accuracy, precision และ specificity ตามเกณฑ์มาตรฐานเภสัชตำรับ

🎯 ทำไมข้อนี้ถึงถูก:
HPLC 💡 คำอธิบายและเหตุผลทางเภสัชกรรม:
💡 คำอธิบายและเหตุผลทางเภสัชกรรม:
การเลือก HPLC เป็นคำตอบที่ถูกต้องและสอดคล้องกับ evidence-based guidelines ของภาวะ HPLC (Liquid Chromatography) โดยมี clinical efficacy สูงสุดในการรักษาและมี safety profile ที่เหมาะสม
USP/NF, British Pharmacopoeia (BP) และ Remington: The Science and Practice of Pharmacy (หัวข้อ HPLC (Liquid Chromatography))

🔍 ข้ออื่นผิดเพราะอะไร:
• ข้อ ข. (GC): ข้อนี้ไม่ใช่คำตอบที่ถูกต้องสำหรับภาวะ HPLC (Liquid Chromatography) เนื่องจากกลไกการออกฤทธิ์, efficacy หรือข้อบ่งใช้ไม่ตรงกับโจทย์ที่กำหนด
• ข้อ ค. (TLC): ข้อนี้ไม่ใช่คำตอบที่ถูกต้องสำหรับภาวะ HPLC (Liquid Chromatography) เนื่องจากกลไกการออกฤทธิ์, efficacy หรือข้อบ่งใช้ไม่ตรงกับโจทย์ที่กำหนด
• ข้อ ง. (Mass spectroscopy): ข้อนี้ไม่ใช่คำตอบที่ถูกต้องสำหรับภาวะ HPLC (Liquid Chromatography) เนื่องจากกลไกการออกฤทธิ์, efficacy หรือข้อบ่งใช้ไม่ตรงกับโจทย์ที่กำหนด
• ข้อ จ. (UV-visible spectroscopy): ข้อนี้ไม่ใช่คำตอบที่ถูกต้องสำหรับภาวะ HPLC (Liquid Chromatography) เนื่องจากกลไกการออกฤทธิ์, efficacy หรือข้อบ่งใช้ไม่ตรงกับโจทย์ที่กำหนด

📖 Guideline อ้างอิง:
The United States Pharmacopeia (USP-NF 2024) General Chapter <621> Chromatography & British Pharmacopoeia (BP 2024) Appendix III

📌 จุดจำก่อนสอบ:
• Excipient Function: แม่นยำในบทบาทหน้าที่ของ excipients (diluent, binder, disintegrant, lubricant)
• Quality Specs: จำเกณฑ์ pharmacopoeia limits สำหรับ stability, dissolution และ uniformity
• Defect Troubleshooting: วิเคราะห์สาเหตุและวิธีแก้ไขปัญหา formulation defects เชิงสูตรตำรับ",,HPLC (Liquid Chromatography),Product,ข้อ 71 (PLE_CC1_2562_Key.md),ข้อสอบจริง,ปี 2562,
14,ในการตรวจวิเคราะห์ยา Omeprazole และสารปนเปื้อน Omeprazole Related Compound A ด้วยเครื่อง HPLC พบว่าพีคของสารทั้งสองมี Retention time เท่ากับ 3.0 นาที และ 6.0 นาที ตามลำดับ โดยมีความกว้างของพีคที่ฐาน (Peak width at baseline; W) เท่ากับ 0.30 นาที และ 0.325 นาที ตามลำดับ จงคำนวณหาค่า Resolution (Rs) ระหว่างพีคทั้งสองตามเกณฑ์เภสัชตำรับ USP,,9.6,4.8,2.4,0.625,1.5,1,"✅ คำตอบที่ถูกต้อง: ข้อ ก. 9.6

💡 Background:
Resolution (Rs) เป็นค่าที่บอกความสามารถของระบบโครมาโทกราฟีในการแยกพีคสองพีคที่อยู่ติดกันออกจากกันได้อย่างสมบูรณ์หรือไม่ เกณฑ์ยอมรับทั่วไปของ Baseline separation คือ Rs ≥ 1.5

🎯 ทำไมข้อนี้ถึงถูก:
ตามสูตร USP <621>: Rs = 2 × (tR2 - tR1) / (W1 + W2)
• tR1 = 3.0 นาที, tR2 = 6.0 นาที → (tR2 - tR1) = 3.0 นาที
• W1 = 0.30 นาที, W2 = 0.325 นาที → (W1 + W2) = 0.625 นาที
• Rs = (2 × 3.0) / 0.625 = 6.0 / 0.625 = 9.6
ดังนั้น ค่า Resolution มีค่าเท่ากับ 9.6

🔍 ข้ออื่นผิดเพราะอะไร:
• ข้อ ข. (4.8): ลืมคูณ 2 ในสูตร (คำนวณเฉพาะ ΔtR / ΣW)
• ข้อ ค., ง., จ.: ตัวเลขการคำนวณไม่ถูกต้อง

📖 Guideline อ้างอิง:
USP <621> Chromatography & British Pharmacopoeia (BP)

📌 จุดจำก่อนสอบ:
• Resolution Formula: Rs = 2(tR2 - tR1) / (W1 + W2)
• Baseline Separation Standard: Rs ≥ 1.5",System Suitability (Resolution),ข้อสอบ Product (HPLC Resolution Calculation),Product,ข้อ 125 (PLE_CC1_2561_Key.md),ข้อสอบจริง,ปี 2561,
15,"ต้ารับ Clotrimazole cream ให้โครงสร้างของสารแต่ละตัว (Clotrimazole, Methyl paraben, Propylparaben, Mineral oil, Glycerin, Propylene glycol,cetyl alcohol ) ถ้าวิเคราะห์ด้วย HPLC - detector UV จะเจอกี่ Peak",,1 peak,2 peak รวมโดย Phongsathorn Phlaisaithong Rx 9 UP 5 | P a g e,3 peak,5 peak,7 peak,1,"✅ คำตอบที่ถูกต้อง: ข้อ ก. 1 peak

💡 Background:
การวิเคราะห์และการควบคุมคุณภาพทางเภสัชกรรม (QC) ต้องเลือกเทคนิคที่ให้ accuracy, precision และ specificity ตามเกณฑ์มาตรฐานเภสัชตำรับ

🎯 ทำไมข้อนี้ถึงถูก:
1 peak 💡 คำอธิบายและเหตุผลทางเภสัชกรรม:
💡 คำอธิบายและเหตุผลทางเภสัชกรรม:
การเลือก 1 peak เป็นคำตอบที่ถูกต้องและสอดคล้องกับ evidence-based guidelines ของภาวะ HPLC (Liquid Chromatography) โดยมี clinical efficacy สูงสุดในการรักษาและมี safety profile ที่เหมาะสม
USP/NF, British Pharmacopoeia (BP) และ Remington: The Science and Practice of Pharmacy (หัวข้อ HPLC (Liquid Chromatography))

🔍 ข้ออื่นผิดเพราะอะไร:
• ข้อ ข. (2 peak รวมโดย Phongsathorn Phlaisaithong Rx 9 UP 5 | P a g e): ข้อนี้ไม่ใช่คำตอบที่ถูกต้องสำหรับภาวะ HPLC (Liquid Chromatography) เนื่องจากกลไกการออกฤทธิ์, efficacy หรือข้อบ่งใช้ไม่ตรงกับโจทย์ที่กำหนด
• ข้อ ค. (3 peak): ข้อนี้ไม่ใช่คำตอบที่ถูกต้องสำหรับภาวะ HPLC (Liquid Chromatography) เนื่องจากกลไกการออกฤทธิ์, efficacy หรือข้อบ่งใช้ไม่ตรงกับโจทย์ที่กำหนด
• ข้อ ง. (5 peak): ข้อนี้ไม่ใช่คำตอบที่ถูกต้องสำหรับภาวะ HPLC (Liquid Chromatography) เนื่องจากกลไกการออกฤทธิ์, efficacy หรือข้อบ่งใช้ไม่ตรงกับโจทย์ที่กำหนด
• ข้อ จ. (7 peak): ข้อนี้ไม่ใช่คำตอบที่ถูกต้องสำหรับภาวะ HPLC (Liquid Chromatography) เนื่องจากกลไกการออกฤทธิ์, efficacy หรือข้อบ่งใช้ไม่ตรงกับโจทย์ที่กำหนด

📖 Guideline อ้างอิง:
The United States Pharmacopeia (USP-NF 2024) General Chapter <621> Chromatography & British Pharmacopoeia (BP 2024) Appendix III

📌 จุดจำก่อนสอบ:
• Excipient Function: แม่นยำในบทบาทหน้าที่ของ excipients (diluent, binder, disintegrant, lubricant)
• Quality Specs: จำเกณฑ์ pharmacopoeia limits สำหรับ stability, dissolution และ uniformity
• Defect Troubleshooting: วิเคราะห์สาเหตุและวิธีแก้ไขปัญหา formulation defects เชิงสูตรตำรับ",,HPLC (Liquid Chromatography),Product,ข้อ 5 (PLE_CC1_2560 22 April Set 1.md),ข้อสอบจริง,ปี 2560,
16,วิเคราะห์ Paracetamol ให้ USP มา บอกว่า ชั่ง Paracetamol 500 mg 20 เม็ด ได้ 20.50 กรัม และชั่งผง ยามา 140 mg หลังจากวิเคราะห์ด้วย HPLC ได้ พื นที่ใต้กราฟของตัวอย่าง 2500 และ Standard (Paracetamol 0.1 mg/ml) 2500 ถามว่า %LA เท่าใด,,100%,68%,146%,84%,72%,1,"✅ คำตอบที่ถูกต้อง: ข้อ ก. 100%

💡 Background:
การวิเคราะห์และการควบคุมคุณภาพทางเภสัชกรรม (QC) ต้องเลือกเทคนิคที่ให้ accuracy, precision และ specificity ตามเกณฑ์มาตรฐานเภสัชตำรับ

🎯 ทำไมข้อนี้ถึงถูก:
100% 💡 คำอธิบายและเหตุผลทางเภสัชกรรม:
💡 คำอธิบายและเหตุผลทางเภสัชกรรม:
การเลือก 100% เป็นคำตอบที่ถูกต้องและสอดคล้องกับ evidence-based guidelines ของภาวะ HPLC (Liquid Chromatography) โดยมี clinical efficacy สูงสุดในการรักษาและมี safety profile ที่เหมาะสม
USP/NF, British Pharmacopoeia (BP) และ Remington: The Science and Practice of Pharmacy (หัวข้อ HPLC (Liquid Chromatography))

🔍 ข้ออื่นผิดเพราะอะไร:
• ข้อ ข. (68%): ข้อนี้ไม่ใช่คำตอบที่ถูกต้องสำหรับภาวะ HPLC (Liquid Chromatography) เนื่องจากกลไกการออกฤทธิ์, efficacy หรือข้อบ่งใช้ไม่ตรงกับโจทย์ที่กำหนด
• ข้อ ค. (146%): ข้อนี้ไม่ใช่คำตอบที่ถูกต้องสำหรับภาวะ HPLC (Liquid Chromatography) เนื่องจากกลไกการออกฤทธิ์, efficacy หรือข้อบ่งใช้ไม่ตรงกับโจทย์ที่กำหนด
• ข้อ ง. (84%): ข้อนี้ไม่ใช่คำตอบที่ถูกต้องสำหรับภาวะ HPLC (Liquid Chromatography) เนื่องจากกลไกการออกฤทธิ์, efficacy หรือข้อบ่งใช้ไม่ตรงกับโจทย์ที่กำหนด
• ข้อ จ. (72%): ข้อนี้ไม่ใช่คำตอบที่ถูกต้องสำหรับภาวะ HPLC (Liquid Chromatography) เนื่องจากกลไกการออกฤทธิ์, efficacy หรือข้อบ่งใช้ไม่ตรงกับโจทย์ที่กำหนด

📖 Guideline อ้างอิง:
The United States Pharmacopeia (USP-NF 2024) General Chapter <621> Chromatography & British Pharmacopoeia (BP 2024) Appendix III

📌 จุดจำก่อนสอบ:
• Excipient Function: แม่นยำในบทบาทหน้าที่ของ excipients (diluent, binder, disintegrant, lubricant)
• Quality Specs: จำเกณฑ์ pharmacopoeia limits สำหรับ stability, dissolution และ uniformity
• Defect Troubleshooting: วิเคราะห์สาเหตุและวิธีแก้ไขปัญหา formulation defects เชิงสูตรตำรับ",,HPLC (Liquid Chromatography),Product,ข้อ 7 (PLE_CC1_2560 22 April Set 1.md),ข้อสอบจริง,ปี 2560,
17,Levonorgestrel กับ Dextronorgestrel ใช้เครื่องมือใดในการแยก,,Polarimeter,NMR,HPLC,TLC,"MS เรื่องที่ 11. SLE คนไข้หญิงได้รับวินิจฉัยว่าเป็น SLE ค่าแลป ANA 1:640, Anti-dsDNA (+), Lupus-anticoagulant (-), ESR 50 (normal < 30) ได้รับยา Fluocinolone acetonide 0.01% และครีมกันแดด SPF 30",1,"✅ คำตอบที่ถูกต้อง: ข้อ ก. Polarimeter

💡 Background:
การวิเคราะห์และการควบคุมคุณภาพทางเภสัชกรรม (QC) ต้องเลือกเทคนิคที่ให้ accuracy, precision และ specificity ตามเกณฑ์มาตรฐานเภสัชตำรับ

🎯 ทำไมข้อนี้ถึงถูก:
Polarimeter 💡 คำอธิบายและเหตุผลทางเภสัชกรรม:
💡 คำอธิบายและเหตุผลทางเภสัชกรรม:
การเลือก Polarimeter เป็นคำตอบที่ถูกต้องและสอดคล้องกับ evidence-based guidelines ของภาวะ HPLC (Liquid Chromatography) โดยมี clinical efficacy สูงสุดในการรักษาและมี safety profile ที่เหมาะสม
USP/NF, British Pharmacopoeia (BP) และ Remington: The Science and Practice of Pharmacy (หัวข้อ HPLC (Liquid Chromatography))

🔍 ข้ออื่นผิดเพราะอะไร:
• ข้อ ข. (NMR): ข้อนี้ไม่ใช่คำตอบที่ถูกต้องสำหรับภาวะ HPLC (Liquid Chromatography) เนื่องจากกลไกการออกฤทธิ์, efficacy หรือข้อบ่งใช้ไม่ตรงกับโจทย์ที่กำหนด
• ข้อ ค. (HPLC): ข้อนี้ไม่ใช่คำตอบที่ถูกต้องสำหรับภาวะ HPLC (Liquid Chromatography) เนื่องจากกลไกการออกฤทธิ์, efficacy หรือข้อบ่งใช้ไม่ตรงกับโจทย์ที่กำหนด
• ข้อ ง. (TLC): ข้อนี้ไม่ใช่คำตอบที่ถูกต้องสำหรับภาวะ HPLC (Liquid Chromatography) เนื่องจากกลไกการออกฤทธิ์, efficacy หรือข้อบ่งใช้ไม่ตรงกับโจทย์ที่กำหนด
• ข้อ จ. (MS เรื่องที่ 11. SLE คนไข้หญิงได้รับวินิจฉัยว่าเป็น SLE ค่าแลป ANA 1:640, Anti-dsDNA (+), Lupus-anticoagulant (-), ESR 50 (normal < 30) ได้รับยา Fluocinolone acetonide 0.01% และครีมกันแดด SPF 30): ข้อนี้ไม่ใช่คำตอบที่ถูกต้องสำหรับภาวะ HPLC (Liquid Chromatography) เนื่องจากกลไกการออกฤทธิ์, efficacy หรือข้อบ่งใช้ไม่ตรงกับโจทย์ที่กำหนด

📖 Guideline อ้างอิง:
The United States Pharmacopeia (USP-NF 2024) General Chapter <621> Chromatography & British Pharmacopoeia (BP 2024) Appendix III

📌 จุดจำก่อนสอบ:
• Excipient Function: แม่นยำในบทบาทหน้าที่ของ excipients (diluent, binder, disintegrant, lubricant)
• Quality Specs: จำเกณฑ์ pharmacopoeia limits สำหรับ stability, dissolution และ uniformity
• Defect Troubleshooting: วิเคราะห์สาเหตุและวิธีแก้ไขปัญหา formulation defects เชิงสูตรตำรับ",,HPLC (Liquid Chromatography),Product,ข้อ 9 (PLE_CC1_2560 22 April Set 1.md),ข้อสอบจริง,ปี 2560,
18,ตำรับ Clotrimazole cream จากโครงสร้างของสารแต่ละถ้าวิเคราะห์ด้วย HPLC - detector UV จะเจอกี่ Peak Clotrimazole Methyl paraben Propyl paraben Glycerin Propylene glycol cetyl alcohol Mineral oil …,,1 peak,2 peak,3 peak,5 peak,7 peak 6 MCQ11 2/2560 By CU Rx73 MCQ11 2/2560 By CU Rx73,1,"✅ คำตอบที่ถูกต้อง: ข้อ ก. 1 peak

💡 Background:
การวิเคราะห์และการควบคุมคุณภาพทางเภสัชกรรม (QC) ต้องเลือกเทคนิคที่ให้ accuracy, precision และ specificity ตามเกณฑ์มาตรฐานเภสัชตำรับ

🎯 ทำไมข้อนี้ถึงถูก:
1 peak 💡 คำอธิบายและเหตุผลทางเภสัชกรรม:
💡 คำอธิบายและเหตุผลทางเภสัชกรรม:
การเลือก 1 peak เป็นคำตอบที่ถูกต้องและสอดคล้องกับ evidence-based guidelines ของภาวะ HPLC (Liquid Chromatography) โดยมี clinical efficacy สูงสุดในการรักษาและมี safety profile ที่เหมาะสม
USP/NF, British Pharmacopoeia (BP) และ Remington: The Science and Practice of Pharmacy (หัวข้อ HPLC (Liquid Chromatography))

🔍 ข้ออื่นผิดเพราะอะไร:
• ข้อ ข. (2 peak): ข้อนี้ไม่ใช่คำตอบที่ถูกต้องสำหรับภาวะ HPLC (Liquid Chromatography) เนื่องจากกลไกการออกฤทธิ์, efficacy หรือข้อบ่งใช้ไม่ตรงกับโจทย์ที่กำหนด
• ข้อ ค. (3 peak): ข้อนี้ไม่ใช่คำตอบที่ถูกต้องสำหรับภาวะ HPLC (Liquid Chromatography) เนื่องจากกลไกการออกฤทธิ์, efficacy หรือข้อบ่งใช้ไม่ตรงกับโจทย์ที่กำหนด
• ข้อ ง. (5 peak): ข้อนี้ไม่ใช่คำตอบที่ถูกต้องสำหรับภาวะ HPLC (Liquid Chromatography) เนื่องจากกลไกการออกฤทธิ์, efficacy หรือข้อบ่งใช้ไม่ตรงกับโจทย์ที่กำหนด
• ข้อ จ. (7 peak 6 MCQ11 2/2560 By CU Rx73 MCQ11 2/2560 By CU Rx73): ข้อนี้ไม่ใช่คำตอบที่ถูกต้องสำหรับภาวะ HPLC (Liquid Chromatography) เนื่องจากกลไกการออกฤทธิ์, efficacy หรือข้อบ่งใช้ไม่ตรงกับโจทย์ที่กำหนด

📖 Guideline อ้างอิง:
The United States Pharmacopeia (USP-NF 2024) General Chapter <621> Chromatography & British Pharmacopoeia (BP 2024) Appendix III

📌 จุดจำก่อนสอบ:
• Excipient Function: แม่นยำในบทบาทหน้าที่ของ excipients (diluent, binder, disintegrant, lubricant)
• Quality Specs: จำเกณฑ์ pharmacopoeia limits สำหรับ stability, dissolution และ uniformity
• Defect Troubleshooting: วิเคราะห์สาเหตุและวิธีแก้ไขปัญหา formulation defects เชิงสูตรตำรับ",,HPLC (Liquid Chromatography),Product,ข้อ 5 (PLE_CC1_2560 22 April Set 2.md),ข้อสอบจริง,ปี 2560,
19,จาก spectrum ของ nicotine ที่กำหนดให้ สามารถแสดงถึงข้อมูลใดได้บ้าง,,Plane polarized light,Molecular weight,ชนิดของ functional group,ตำแหน่งของ functional group,ไม่มีข้อใดถูก,1,"✅ คำตอบที่ถูกต้อง: ข้อ ก. Plane polarized light

💡 Background:
การวิเคราะห์และการควบคุมคุณภาพทางเภสัชกรรม (QC) ต้องเลือกเทคนิคที่ให้ accuracy, precision และ specificity ตามเกณฑ์มาตรฐานเภสัชตำรับ

🎯 ทำไมข้อนี้ถึงถูก:
Plane polarized light 💡 คำอธิบายและเหตุผลทางเภสัชกรรม:
💡 คำอธิบายและเหตุผลทางเภสัชกรรม:
การเลือก Plane polarized light เป็นคำตอบที่ถูกต้องและสอดคล้องกับ evidence-based guidelines ของภาวะ HPLC (Liquid Chromatography) โดยมี clinical efficacy สูงสุดในการรักษาและมี safety profile ที่เหมาะสม
USP/NF, British Pharmacopoeia (BP) และ Remington: The Science and Practice of Pharmacy (หัวข้อ HPLC (Liquid Chromatography))

🔍 ข้ออื่นผิดเพราะอะไร:
• ข้อ ข. (Molecular weight): ข้อนี้ไม่ใช่คำตอบที่ถูกต้องสำหรับภาวะ HPLC (Liquid Chromatography) เนื่องจากกลไกการออกฤทธิ์, efficacy หรือข้อบ่งใช้ไม่ตรงกับโจทย์ที่กำหนด
• ข้อ ค. (ชนิดของ functional group): ข้อนี้ไม่ใช่คำตอบที่ถูกต้องสำหรับภาวะ HPLC (Liquid Chromatography) เนื่องจากกลไกการออกฤทธิ์, efficacy หรือข้อบ่งใช้ไม่ตรงกับโจทย์ที่กำหนด
• ข้อ ง. (ตำแหน่งของ functional group): ข้อนี้ไม่ใช่คำตอบที่ถูกต้องสำหรับภาวะ HPLC (Liquid Chromatography) เนื่องจากกลไกการออกฤทธิ์, efficacy หรือข้อบ่งใช้ไม่ตรงกับโจทย์ที่กำหนด
• ข้อ จ. (ไม่มีข้อใดถูก): ข้อนี้ไม่ถูกต้องเนื่องจากมีตัวเลือกที่จำเพาะและตรงตามเกณฑ์มาตรฐานเวชปฏิบัติอย่างชัดเจน

📖 Guideline อ้างอิง:
The United States Pharmacopeia (USP-NF 2024) General Chapter <621> Chromatography & British Pharmacopoeia (BP 2024) Appendix III

📌 จุดจำก่อนสอบ:
• Excipient Function: แม่นยำในบทบาทหน้าที่ของ excipients (diluent, binder, disintegrant, lubricant)
• Quality Specs: จำเกณฑ์ pharmacopoeia limits สำหรับ stability, dissolution และ uniformity
• Defect Troubleshooting: วิเคราะห์สาเหตุและวิธีแก้ไขปัญหา formulation defects เชิงสูตรตำรับ",,HPLC (Liquid Chromatography),Product,ข้อ 88 (Pharmtutor_2024_Set2.md),Mock,Mock Pharmtutor 2024,
20,ในการวิเคราะห์ปริมาณ Fluoxetine ด้วยวิธี HPLC โดยใช้ ระบบต่อไปนี% stationary phase ::: octadecyl carbon chain - bonded silica column Mobile phase ::: Methanol : water = 60 : 40 ผลการวิเคราะห์ retention time = 6.2 นาที และ peak tail = 3.25 นาที เพือให้ได้ผลการวิเคราะห์ทีน่าเชือถือ มากกว่านี% ควรมีการพัฒนา mobile phase อย่างไร (1) ใช้ methanol + acetonitrile (2) ใช้ methanol + phosphate buffer pH 11.8 (3) ใช้ methanol + acetate buffer pH 5 (4) ใช้ methanol + ………. buffer pH 11.8 (5) จำตัวเลือกไม่ได้ ... MCQ 12 | 1/2557 | Page 23 สถานการณ์ที 9 ผู้ป่วยหญิง อายุ 23 ปี มาขอซือยารักษาภาวะท้องเสีย ทีร้านยา จากการซักประวัติเพิมเติมพบว่าท้องเสียมาแล้ว 3 วัน มีไข้สูง ถ่ายมีมูกเลือดปน ไม่มีกลินผิดปกติ ในช่วงวันแรกถ่าย เหลวมีนําพุ่งมาก่อน แต่หลัง ๆ เริมถ่ายได้ทีละนิด แต่ต้องถ่าย บ่อยขึน และอ่อนเพลียมาก,,Reversed-Phase HPLC,Normal-Phase HPLC (Silica column),Gas Chromatography with FID detector,Thin Layer Chromatography (TLC),Ion-Exchange Chromatography (IEC),1,"✅ คำตอบที่ถูกต้อง: ข้อ ก. Reversed-Phase HPLC

💡 Background:
การวิเคราะห์และการควบคุมคุณภาพทางเภสัชกรรม (QC) ต้องเลือกเทคนิคที่ให้ accuracy, precision และ specificity ตามเกณฑ์มาตรฐานเภสัชตำรับ

🎯 ทำไมข้อนี้ถึงถูก:
Reversed-Phase HPLC 💡 คำอธิบายและเหตุผลทางเภสัชกรรม:
💡 คำอธิบายและเหตุผลทางเภสัชกรรม:
การเลือก Reversed-Phase HPLC เป็นคำตอบที่ถูกต้องและสอดคล้องกับ evidence-based guidelines ของภาวะ HPLC (Liquid Chromatography) โดยมี clinical efficacy สูงสุดในการรักษาและมี safety profile ที่เหมาะสม
USP/NF, British Pharmacopoeia (BP) และ Remington: The Science and Practice of Pharmacy (หัวข้อ HPLC (Liquid Chromatography))

🔍 ข้ออื่นผิดเพราะอะไร:
• ข้อ ข. (Normal-Phase HPLC (Silica column)): ข้อนี้ไม่ใช่คำตอบที่ถูกต้องสำหรับภาวะ HPLC (Liquid Chromatography) เนื่องจากกลไกการออกฤทธิ์, efficacy หรือข้อบ่งใช้ไม่ตรงกับโจทย์ที่กำหนด
• ข้อ ค. (Gas Chromatography with FID detector): ข้อนี้ไม่ใช่คำตอบที่ถูกต้องสำหรับภาวะ HPLC (Liquid Chromatography) เนื่องจากกลไกการออกฤทธิ์, efficacy หรือข้อบ่งใช้ไม่ตรงกับโจทย์ที่กำหนด
• ข้อ ง. (Thin Layer Chromatography (TLC)): ข้อนี้ไม่ใช่คำตอบที่ถูกต้องสำหรับภาวะ HPLC (Liquid Chromatography) เนื่องจากกลไกการออกฤทธิ์, efficacy หรือข้อบ่งใช้ไม่ตรงกับโจทย์ที่กำหนด
• ข้อ จ. (Ion-Exchange Chromatography (IEC)): ข้อนี้ไม่ใช่คำตอบที่ถูกต้องสำหรับภาวะ HPLC (Liquid Chromatography) เนื่องจากกลไกการออกฤทธิ์, efficacy หรือข้อบ่งใช้ไม่ตรงกับโจทย์ที่กำหนด

📖 Guideline อ้างอิง:
The United States Pharmacopeia (USP-NF 2024) General Chapter <621> Chromatography & British Pharmacopoeia (BP 2024) Appendix III

📌 จุดจำก่อนสอบ:
• Excipient Function: แม่นยำในบทบาทหน้าที่ของ excipients (diluent, binder, disintegrant, lubricant)
• Quality Specs: จำเกณฑ์ pharmacopoeia limits สำหรับ stability, dissolution และ uniformity
• Defect Troubleshooting: วิเคราะห์สาเหตุและวิธีแก้ไขปัญหา formulation defects เชิงสูตรตำรับ",,HPLC (Liquid Chromatography),Product,ข้อ 56 (PLE_CC1_2557.md),ข้อสอบจริง,ปี 2557,
21,ข้อใดเป็นข้อห้ามใช้ของ HRT,,.....,ภาวะลิ่มเลือดอุดตัน,.......,........,......,1,"✅ คำตอบที่ถูกต้อง: ข้อ ก. .....

💡 Background:
การวิเคราะห์และการควบคุมคุณภาพทางเภสัชกรรม (QC) ต้องเลือกเทคนิคที่ให้ accuracy, precision และ specificity ตามเกณฑ์มาตรฐานเภสัชตำรับ

🎯 ทำไมข้อนี้ถึงถูก:
..... 💡 คำอธิบายและเหตุผลทางเภสัชกรรม:
💡 คำอธิบายและเหตุผลทางเภสัชกรรม:
การเลือก ..... เป็นคำตอบที่ถูกต้องและสอดคล้องกับ evidence-based guidelines ของภาวะ HPLC (Liquid Chromatography) โดยมี clinical efficacy สูงสุดในการรักษาและมี safety profile ที่เหมาะสม
USP/NF, British Pharmacopoeia (BP) และ Remington: The Science and Practice of Pharmacy (หัวข้อ HPLC (Liquid Chromatography))

🔍 ข้ออื่นผิดเพราะอะไร:
• ข้อ ข. (ภาวะลิ่มเลือดอุดตัน): ข้อนี้ไม่ใช่คำตอบที่ถูกต้องสำหรับภาวะ HPLC (Liquid Chromatography) เนื่องจากกลไกการออกฤทธิ์, efficacy หรือข้อบ่งใช้ไม่ตรงกับโจทย์ที่กำหนด
• ข้อ ค. (.......): ข้อนี้ไม่ใช่คำตอบที่ถูกต้องสำหรับภาวะ HPLC (Liquid Chromatography) เนื่องจากกลไกการออกฤทธิ์, efficacy หรือข้อบ่งใช้ไม่ตรงกับโจทย์ที่กำหนด
• ข้อ ง. (........): ข้อนี้ไม่ใช่คำตอบที่ถูกต้องสำหรับภาวะ HPLC (Liquid Chromatography) เนื่องจากกลไกการออกฤทธิ์, efficacy หรือข้อบ่งใช้ไม่ตรงกับโจทย์ที่กำหนด
• ข้อ จ. (......): ข้อนี้ไม่ใช่คำตอบที่ถูกต้องสำหรับภาวะ HPLC (Liquid Chromatography) เนื่องจากกลไกการออกฤทธิ์, efficacy หรือข้อบ่งใช้ไม่ตรงกับโจทย์ที่กำหนด

📖 Guideline อ้างอิง:
The United States Pharmacopeia (USP-NF 2024) General Chapter <621> Chromatography & British Pharmacopoeia (BP 2024) Appendix III

📌 จุดจำก่อนสอบ:
• Excipient Function: แม่นยำในบทบาทหน้าที่ของ excipients (diluent, binder, disintegrant, lubricant)
• Quality Specs: จำเกณฑ์ pharmacopoeia limits สำหรับ stability, dissolution และ uniformity
• Defect Troubleshooting: วิเคราะห์สาเหตุและวิธีแก้ไขปัญหา formulation defects เชิงสูตรตำรับ",,HPLC (Liquid Chromatography),Product,ข้อ 74 (PLE_CC1_2555 Day 1.md),ข้อสอบจริง,ปี 2555,
22,ถ้าจะหาปริมาณยา levodopa ในเลือด จะต้องใช้เครื่องมืออะไร,,IR,MS,Polarimetry,UV,"HPLC Ref : Paper Modified HPLC with electrochemical detection method for plasma measurement of levodopa กรณีศึกษาที่ 3 : โรคไต (กิ๊ว 005/ 045) และมีสีแดง ไม่มีแรง มี serum creatinine = 2, K สูงลิ่วAST ALT ก็สูงลิ่ว",2,"✅ คำตอบที่ถูกต้อง: ข้อ ข. MS

💡 Background:
การวิเคราะห์และการควบคุมคุณภาพทางเภสัชกรรม (QC) ต้องเลือกเทคนิคที่ให้ accuracy, precision และ specificity ตามเกณฑ์มาตรฐานเภสัชตำรับ

🎯 ทำไมข้อนี้ถึงถูก:
MS 💡 คำอธิบายและเหตุผลทางเภสัชกรรม:
💡 คำอธิบายและเหตุผลทางเภสัชกรรม:
ผู้ป่วยอายุ 80 ปีสูง 160 cm น ้าหนัก 60 kg เป็น acuterenal failure มีอาการคือปวดกล้ามเนื้อ ปัสสาวะน้อย
USP/NF, British Pharmacopoeia (BP) และ Remington: The Science and Practice of Pharmacy (หัวข้อ HPLC (Liquid Chromatography))

🔍 ข้ออื่นผิดเพราะอะไร:
• ข้อ ก. (IR): ข้อนี้ไม่ใช่คำตอบที่ถูกต้องสำหรับภาวะ HPLC (Liquid Chromatography) เนื่องจากกลไกการออกฤทธิ์, efficacy หรือข้อบ่งใช้ไม่ตรงกับโจทย์ที่กำหนด
• ข้อ ค. (Polarimetry): ข้อนี้ไม่ใช่คำตอบที่ถูกต้องสำหรับภาวะ HPLC (Liquid Chromatography) เนื่องจากกลไกการออกฤทธิ์, efficacy หรือข้อบ่งใช้ไม่ตรงกับโจทย์ที่กำหนด
• ข้อ ง. (UV): ข้อนี้ไม่ใช่คำตอบที่ถูกต้องสำหรับภาวะ HPLC (Liquid Chromatography) เนื่องจากกลไกการออกฤทธิ์, efficacy หรือข้อบ่งใช้ไม่ตรงกับโจทย์ที่กำหนด
• ข้อ จ. (HPLC Ref : Paper Modified HPLC with electrochemical detection method for plasma measurement of levodopa กรณีศึกษาที่ 3 : โรคไต (กิ๊ว 005/ 045) และมีสีแดง ไม่มีแรง มี serum creatinine = 2, K สูงลิ่วAST ALT ก็สูงลิ่ว): ข้อนี้ไม่ใช่คำตอบที่ถูกต้องสำหรับภาวะ HPLC (Liquid Chromatography) เนื่องจากกลไกการออกฤทธิ์, efficacy หรือข้อบ่งใช้ไม่ตรงกับโจทย์ที่กำหนด

📖 Guideline อ้างอิง:
The United States Pharmacopeia (USP-NF 2024) General Chapter <621> Chromatography & British Pharmacopoeia (BP 2024) Appendix III

📌 จุดจำก่อนสอบ:
• Excipient Function: แม่นยำในบทบาทหน้าที่ของ excipients (diluent, binder, disintegrant, lubricant)
• Quality Specs: จำเกณฑ์ pharmacopoeia limits สำหรับ stability, dissolution และ uniformity
• Defect Troubleshooting: วิเคราะห์สาเหตุและวิธีแก้ไขปัญหา formulation defects เชิงสูตรตำรับ",,HPLC (Liquid Chromatography),Product,ข้อ 8 (PLE_CC1_2554 SET2.md),ข้อสอบจริง,ปี 2554,
23,จากการวิเคราะห์ Lanzoprazole 30 mg ด้วย HPLC โดยใช้ 4- ethoxy…… เป็น internal standard ได้ผลดังนี้ Sample Conc. (mg/ml) Peak area Peak area ratio Sample Internal std. Std. 1 25 ……. …….,,5 Std. 2 50 ……. …….,"0 Std. 3 75 ……. ……. 7.5 Std. 4 100 ……. ……. 10.0 Std. 5 125 ……. ……. 12.5 sample …….. ……. 9.90 Y=0.1x, r2=1 สารตัวอย่างมีความเข้มข้นเท่าใด",Normal-Phase HPLC (Silica column),Gas Chromatography with FID detector,Thin Layer Chromatography (TLC),1,"✅ คำตอบที่ถูกต้อง: ข้อ ก. 5 Std. 2 50 ……. …….

💡 Background:
การวิเคราะห์และการควบคุมคุณภาพทางเภสัชกรรม (QC) ต้องเลือกเทคนิคที่ให้ accuracy, precision และ specificity ตามเกณฑ์มาตรฐานเภสัชตำรับ

🎯 ทำไมข้อนี้ถึงถูก:
5 Std. 2 50 ……. ……. 💡 คำอธิบายและเหตุผลทางเภสัชกรรม:
💡 คำอธิบายและเหตุผลทางเภสัชกรรม:
การเลือก 5 Std. 2 50 ……. ……. เป็นคำตอบที่ถูกต้องและสอดคล้องกับ evidence-based guidelines ของภาวะ HPLC (Liquid Chromatography) โดยมี clinical efficacy สูงสุดในการรักษาและมี safety profile ที่เหมาะสม
USP/NF, British Pharmacopoeia (BP) และ Remington: The Science and Practice of Pharmacy (หัวข้อ HPLC (Liquid Chromatography))

🔍 ข้ออื่นผิดเพราะอะไร:
• ข้อ ข. (0 Std. 3 75 ……. ……. 7.5 Std. 4 100 ……. ……. 10.0 Std. 5 125 ……. ……. 12.5 sample …….. ……. 9.90 Y=0.1x, r2=1 สารตัวอย่างมีความเข้มข้นเท่าใด): ข้อนี้ไม่ใช่คำตอบที่ถูกต้องสำหรับภาวะ HPLC (Liquid Chromatography) เนื่องจากกลไกการออกฤทธิ์, efficacy หรือข้อบ่งใช้ไม่ตรงกับโจทย์ที่กำหนด
• ข้อ ค. (Normal-Phase HPLC (Silica column)): ข้อนี้ไม่ใช่คำตอบที่ถูกต้องสำหรับภาวะ HPLC (Liquid Chromatography) เนื่องจากกลไกการออกฤทธิ์, efficacy หรือข้อบ่งใช้ไม่ตรงกับโจทย์ที่กำหนด
• ข้อ ง. (Gas Chromatography with FID detector): ข้อนี้ไม่ใช่คำตอบที่ถูกต้องสำหรับภาวะ HPLC (Liquid Chromatography) เนื่องจากกลไกการออกฤทธิ์, efficacy หรือข้อบ่งใช้ไม่ตรงกับโจทย์ที่กำหนด
• ข้อ จ. (Thin Layer Chromatography (TLC)): ข้อนี้ไม่ใช่คำตอบที่ถูกต้องสำหรับภาวะ HPLC (Liquid Chromatography) เนื่องจากกลไกการออกฤทธิ์, efficacy หรือข้อบ่งใช้ไม่ตรงกับโจทย์ที่กำหนด

📖 Guideline อ้างอิง:
The United States Pharmacopeia (USP-NF 2024) General Chapter <621> Chromatography & British Pharmacopoeia (BP 2024) Appendix III

📌 จุดจำก่อนสอบ:
• Excipient Function: แม่นยำในบทบาทหน้าที่ของ excipients (diluent, binder, disintegrant, lubricant)
• Quality Specs: จำเกณฑ์ pharmacopoeia limits สำหรับ stability, dissolution และ uniformity
• Defect Troubleshooting: วิเคราะห์สาเหตุและวิธีแก้ไขปัญหา formulation defects เชิงสูตรตำรับ",,HPLC (Liquid Chromatography),Product,ข้อ 8 (PLE_CC1_2533.md),ข้อสอบจริง,ปี 2533,
24,จากโครงสร้างของ Levodopa ปัจจัยใดที่ไม่ส่งผลต่อ retention time ของ Levodopa จากการวิเคราะห์ด้วยเทคนิค HPLC,,Gas Chromatography with FID detector,Thin Layer Chromatography (TLC),Ion-Exchange Chromatography (IEC),Size Exclusion Chromatography (SEC),Chiral HPLC Separation Column,1,"✅ คำตอบที่ถูกต้อง: ข้อ ก. Gas Chromatography with FID detector

💡 Background:
การวิเคราะห์และการควบคุมคุณภาพทางเภสัชกรรม (QC) ต้องเลือกเทคนิคที่ให้ accuracy, precision และ specificity ตามเกณฑ์มาตรฐานเภสัชตำรับ

🎯 ทำไมข้อนี้ถึงถูก:
Gas Chromatography with FID detector 💡 คำอธิบายและเหตุผลทางเภสัชกรรม:
💡 คำอธิบายและเหตุผลทางเภสัชกรรม:
การเลือก Gas Chromatography with FID detector เป็นคำตอบที่ถูกต้องและสอดคล้องกับ evidence-based guidelines ของภาวะ HPLC (Liquid Chromatography) โดยมี clinical efficacy สูงสุดในการรักษาและมี safety profile ที่เหมาะสม
USP/NF, British Pharmacopoeia (BP) และ Remington: The Science and Practice of Pharmacy (หัวข้อ HPLC (Liquid Chromatography))

🔍 ข้ออื่นผิดเพราะอะไร:
• ข้อ ข. (Thin Layer Chromatography (TLC)): ข้อนี้ไม่ใช่คำตอบที่ถูกต้องสำหรับภาวะ HPLC (Liquid Chromatography) เนื่องจากกลไกการออกฤทธิ์, efficacy หรือข้อบ่งใช้ไม่ตรงกับโจทย์ที่กำหนด
• ข้อ ค. (Ion-Exchange Chromatography (IEC)): ข้อนี้ไม่ใช่คำตอบที่ถูกต้องสำหรับภาวะ HPLC (Liquid Chromatography) เนื่องจากกลไกการออกฤทธิ์, efficacy หรือข้อบ่งใช้ไม่ตรงกับโจทย์ที่กำหนด
• ข้อ ง. (Size Exclusion Chromatography (SEC)): ข้อนี้ไม่ใช่คำตอบที่ถูกต้องสำหรับภาวะ HPLC (Liquid Chromatography) เนื่องจากกลไกการออกฤทธิ์, efficacy หรือข้อบ่งใช้ไม่ตรงกับโจทย์ที่กำหนด
• ข้อ จ. (Chiral HPLC Separation Column): ข้อนี้ไม่ใช่คำตอบที่ถูกต้องสำหรับภาวะ HPLC (Liquid Chromatography) เนื่องจากกลไกการออกฤทธิ์, efficacy หรือข้อบ่งใช้ไม่ตรงกับโจทย์ที่กำหนด

📖 Guideline อ้างอิง:
The United States Pharmacopeia (USP-NF 2024) General Chapter <621> Chromatography & British Pharmacopoeia (BP 2024) Appendix III

📌 จุดจำก่อนสอบ:
• Excipient Function: แม่นยำในบทบาทหน้าที่ของ excipients (diluent, binder, disintegrant, lubricant)
• Quality Specs: จำเกณฑ์ pharmacopoeia limits สำหรับ stability, dissolution และ uniformity
• Defect Troubleshooting: วิเคราะห์สาเหตุและวิธีแก้ไขปัญหา formulation defects เชิงสูตรตำรับ",,HPLC (Liquid Chromatography),Product,ข้อ 10 (PLE_CC1_2533.md),ข้อสอบจริง,ปี 2533,
25,ความยาวของ column,,Size Exclusion Chromatography (SEC),Chiral HPLC Separation Column,HILIC (Hydrophilic Interaction LC),Ultra-High Performance LC (UHPLC),GC-Mass Spectrometry (GC-MS),1,"✅ คำตอบที่ถูกต้อง: ข้อ ก. Size Exclusion Chromatography (SEC)

💡 Background:
การวิเคราะห์และการควบคุมคุณภาพทางเภสัชกรรม (QC) ต้องเลือกเทคนิคที่ให้ accuracy, precision และ specificity ตามเกณฑ์มาตรฐานเภสัชตำรับ

🎯 ทำไมข้อนี้ถึงถูก:
Size Exclusion Chromatography (SEC) 💡 คำอธิบายและเหตุผลทางเภสัชกรรม:
💡 คำอธิบายและเหตุผลทางเภสัชกรรม:
การเลือก Size Exclusion Chromatography (SEC) เป็นคำตอบที่ถูกต้องและสอดคล้องกับ evidence-based guidelines ของภาวะ HPLC (Liquid Chromatography) โดยมี clinical efficacy สูงสุดในการรักษาและมี safety profile ที่เหมาะสม
USP/NF, British Pharmacopoeia (BP) และ Remington: The Science and Practice of Pharmacy (หัวข้อ HPLC (Liquid Chromatography))

🔍 ข้ออื่นผิดเพราะอะไร:
• ข้อ ข. (Chiral HPLC Separation Column): ข้อนี้ไม่ใช่คำตอบที่ถูกต้องสำหรับภาวะ HPLC (Liquid Chromatography) เนื่องจากกลไกการออกฤทธิ์, efficacy หรือข้อบ่งใช้ไม่ตรงกับโจทย์ที่กำหนด
• ข้อ ค. (HILIC (Hydrophilic Interaction LC)): ข้อนี้ไม่ใช่คำตอบที่ถูกต้องสำหรับภาวะ HPLC (Liquid Chromatography) เนื่องจากกลไกการออกฤทธิ์, efficacy หรือข้อบ่งใช้ไม่ตรงกับโจทย์ที่กำหนด
• ข้อ ง. (Ultra-High Performance LC (UHPLC)): ข้อนี้ไม่ใช่คำตอบที่ถูกต้องสำหรับภาวะ HPLC (Liquid Chromatography) เนื่องจากกลไกการออกฤทธิ์, efficacy หรือข้อบ่งใช้ไม่ตรงกับโจทย์ที่กำหนด
• ข้อ จ. (GC-Mass Spectrometry (GC-MS)): ข้อนี้ไม่ใช่คำตอบที่ถูกต้องสำหรับภาวะ HPLC (Liquid Chromatography) เนื่องจากกลไกการออกฤทธิ์, efficacy หรือข้อบ่งใช้ไม่ตรงกับโจทย์ที่กำหนด

📖 Guideline อ้างอิง:
The United States Pharmacopeia (USP-NF 2024) General Chapter <621> Chromatography & British Pharmacopoeia (BP 2024) Appendix III

📌 จุดจำก่อนสอบ:
• Excipient Function: แม่นยำในบทบาทหน้าที่ของ excipients (diluent, binder, disintegrant, lubricant)
• Quality Specs: จำเกณฑ์ pharmacopoeia limits สำหรับ stability, dissolution และ uniformity
• Defect Troubleshooting: วิเคราะห์สาเหตุและวิธีแก้ไขปัญหา formulation defects เชิงสูตรตำรับ",,HPLC (Liquid Chromatography),Product,ข้อ 2 (PLE_CC1_2533.md),ข้อสอบจริง,ปี 2533,
26,pH ของ mobile phase,,Ultra-High Performance LC (UHPLC),GC-Mass Spectrometry (GC-MS),Reversed-Phase HPLC,Normal-Phase HPLC (Silica column),Gas Chromatography with FID detector,1,"✅ คำตอบที่ถูกต้อง: ข้อ ก. Ultra-High Performance LC (UHPLC)

💡 Background:
การวิเคราะห์และการควบคุมคุณภาพทางเภสัชกรรม (QC) ต้องเลือกเทคนิคที่ให้ accuracy, precision และ specificity ตามเกณฑ์มาตรฐานเภสัชตำรับ

🎯 ทำไมข้อนี้ถึงถูก:
Ultra-High Performance LC (UHPLC) 💡 คำอธิบายและเหตุผลทางเภสัชกรรม:
💡 คำอธิบายและเหตุผลทางเภสัชกรรม:
การเลือก Ultra-High Performance LC (UHPLC) เป็นคำตอบที่ถูกต้องและสอดคล้องกับ evidence-based guidelines ของภาวะ HPLC (Liquid Chromatography) โดยมี clinical efficacy สูงสุดในการรักษาและมี safety profile ที่เหมาะสม
USP/NF, British Pharmacopoeia (BP) และ Remington: The Science and Practice of Pharmacy (หัวข้อ HPLC (Liquid Chromatography))

🔍 ข้ออื่นผิดเพราะอะไร:
• ข้อ ข. (GC-Mass Spectrometry (GC-MS)): ข้อนี้ไม่ใช่คำตอบที่ถูกต้องสำหรับภาวะ HPLC (Liquid Chromatography) เนื่องจากกลไกการออกฤทธิ์, efficacy หรือข้อบ่งใช้ไม่ตรงกับโจทย์ที่กำหนด
• ข้อ ค. (Reversed-Phase HPLC): ข้อนี้ไม่ใช่คำตอบที่ถูกต้องสำหรับภาวะ HPLC (Liquid Chromatography) เนื่องจากกลไกการออกฤทธิ์, efficacy หรือข้อบ่งใช้ไม่ตรงกับโจทย์ที่กำหนด
• ข้อ ง. (Normal-Phase HPLC (Silica column)): ข้อนี้ไม่ใช่คำตอบที่ถูกต้องสำหรับภาวะ HPLC (Liquid Chromatography) เนื่องจากกลไกการออกฤทธิ์, efficacy หรือข้อบ่งใช้ไม่ตรงกับโจทย์ที่กำหนด
• ข้อ จ. (Gas Chromatography with FID detector): ข้อนี้ไม่ใช่คำตอบที่ถูกต้องสำหรับภาวะ HPLC (Liquid Chromatography) เนื่องจากกลไกการออกฤทธิ์, efficacy หรือข้อบ่งใช้ไม่ตรงกับโจทย์ที่กำหนด

📖 Guideline อ้างอิง:
The United States Pharmacopeia (USP-NF 2024) General Chapter <621> Chromatography & British Pharmacopoeia (BP 2024) Appendix III

📌 จุดจำก่อนสอบ:
• Excipient Function: แม่นยำในบทบาทหน้าที่ของ excipients (diluent, binder, disintegrant, lubricant)
• Quality Specs: จำเกณฑ์ pharmacopoeia limits สำหรับ stability, dissolution และ uniformity
• Defect Troubleshooting: วิเคราะห์สาเหตุและวิธีแก้ไขปัญหา formulation defects เชิงสูตรตำรับ",,HPLC (Liquid Chromatography),Product,ข้อ 4 (PLE_CC1_2533.md),ข้อสอบจริง,ปี 2533,
27,"ชนิดของ mobile phase Ans. 3. ชนิดของ detector retention time(Rt) คือ เวลาที่สารนั้นจะถูกชะออกมาจาก column แล้วผ่านเข้ามายัง detector เพื่อดู response ของสาร นั้น แล้วออกมาเป็น chromatogram ต่อไป หรือกล่าวได้ว่าสารที่มี Rt น้อยจะออกมาก่อนสารที่มี Rt มาก ดังนั้นการเปลี่ยนแปลงเวลา(จะออกช้าหรือจะออกเร็ว)ที่ออกมาจาก column ของสาร(Rt) จะเกิดได้จากปัจจัยในส่วนที่ ส่งผลต่อการแยกสาร เช่น column(ชนิด ความยาว ), mobile phase (pH ชนิด mobile phase ที่ใช้), อุณหภูมิ, ความดัน นอกเรื่อง by o’chai ถ้ายังนึกไม่ออกให้นึกถึง นักกีฬาคนนึง(เทียบได้กับสารที่ทำการแยก)ที่กำลังวิ่งอยู่บนสนาม(เทียบได้กับ column) สิ่งแวดล้อมต่าง ๆ รอบตัวนักกีฬา เช่น สภาพอากาศ ฯลฯ(เทียบได้กับ mobile phase) โดยมีปลายทางคือเส้นชัย(เทียบได้กับ ปลายทางของcolumn ที่จะไป detector) นักกีฬา (สาร) สนาม/ลาน/ลูวิ่ง (column) เส้นชัย (สิ้นสุดการแยก /เข้า detector)",,Normal-Phase HPLC (Silica column),Gas Chromatography with FID detector,Thin Layer Chromatography (TLC),Ion-Exchange Chromatography (IEC),Size Exclusion Chromatography (SEC),1,"✅ คำตอบที่ถูกต้อง: ข้อ ก. Normal-Phase HPLC (Silica column)

💡 Background:
การวิเคราะห์และการควบคุมคุณภาพทางเภสัชกรรม (QC) ต้องเลือกเทคนิคที่ให้ accuracy, precision และ specificity ตามเกณฑ์มาตรฐานเภสัชตำรับ

🎯 ทำไมข้อนี้ถึงถูก:
Normal-Phase HPLC (Silica column) 💡 คำอธิบายและเหตุผลทางเภสัชกรรม:
💡 คำอธิบายและเหตุผลทางเภสัชกรรม:
การเลือก Normal-Phase HPLC (Silica column) เป็นคำตอบที่ถูกต้องและสอดคล้องกับ evidence-based guidelines ของภาวะ HPLC (Liquid Chromatography) โดยมี clinical efficacy สูงสุดในการรักษาและมี safety profile ที่เหมาะสม
USP/NF, British Pharmacopoeia (BP) และ Remington: The Science and Practice of Pharmacy (หัวข้อ HPLC (Liquid Chromatography))

🔍 ข้ออื่นผิดเพราะอะไร:
• ข้อ ข. (Gas Chromatography with FID detector): ข้อนี้ไม่ใช่คำตอบที่ถูกต้องสำหรับภาวะ HPLC (Liquid Chromatography) เนื่องจากกลไกการออกฤทธิ์, efficacy หรือข้อบ่งใช้ไม่ตรงกับโจทย์ที่กำหนด
• ข้อ ค. (Thin Layer Chromatography (TLC)): ข้อนี้ไม่ใช่คำตอบที่ถูกต้องสำหรับภาวะ HPLC (Liquid Chromatography) เนื่องจากกลไกการออกฤทธิ์, efficacy หรือข้อบ่งใช้ไม่ตรงกับโจทย์ที่กำหนด
• ข้อ ง. (Ion-Exchange Chromatography (IEC)): ข้อนี้ไม่ใช่คำตอบที่ถูกต้องสำหรับภาวะ HPLC (Liquid Chromatography) เนื่องจากกลไกการออกฤทธิ์, efficacy หรือข้อบ่งใช้ไม่ตรงกับโจทย์ที่กำหนด
• ข้อ จ. (Size Exclusion Chromatography (SEC)): ข้อนี้ไม่ใช่คำตอบที่ถูกต้องสำหรับภาวะ HPLC (Liquid Chromatography) เนื่องจากกลไกการออกฤทธิ์, efficacy หรือข้อบ่งใช้ไม่ตรงกับโจทย์ที่กำหนด

📖 Guideline อ้างอิง:
The United States Pharmacopeia (USP-NF 2024) General Chapter <621> Chromatography & British Pharmacopoeia (BP 2024) Appendix III

📌 จุดจำก่อนสอบ:
• Excipient Function: แม่นยำในบทบาทหน้าที่ของ excipients (diluent, binder, disintegrant, lubricant)
• Quality Specs: จำเกณฑ์ pharmacopoeia limits สำหรับ stability, dissolution และ uniformity
• Defect Troubleshooting: วิเคราะห์สาเหตุและวิธีแก้ไขปัญหา formulation defects เชิงสูตรตำรับ",,HPLC (Liquid Chromatography),Product,ข้อ 5 (PLE_CC1_2533.md),ข้อสอบจริง,ปี 2533,
28,ความยาวของ column  ถ้านักกีฬาคนนี้วิ่งในสนามในระยะทาง 1 เมตร เทียบกับสนามที่มีระยะทาง 100 กิโลเมตร ใครจะถึงเส้นชัยก่อนกัน ??  คอลัมน์ที่สั้นย่อมทำให้สารออกมาไวกว่าคอลัมน์ที่ยาว(เมื่อ assume ว่าสภาวะอื่น ๆ ในการแยกของทั้ง 2 ระบบเหมือนกัน),,Ion-Exchange Chromatography (IEC),Size Exclusion Chromatography (SEC),Chiral HPLC Separation Column,HILIC (Hydrophilic Interaction LC),Ultra-High Performance LC (UHPLC),1,"✅ คำตอบที่ถูกต้อง: ข้อ ก. Ion-Exchange Chromatography (IEC)

💡 Background:
การวิเคราะห์และการควบคุมคุณภาพทางเภสัชกรรม (QC) ต้องเลือกเทคนิคที่ให้ accuracy, precision และ specificity ตามเกณฑ์มาตรฐานเภสัชตำรับ

🎯 ทำไมข้อนี้ถึงถูก:
Ion-Exchange Chromatography (IEC) 💡 คำอธิบายและเหตุผลทางเภสัชกรรม:
💡 คำอธิบายและเหตุผลทางเภสัชกรรม:
การเลือก Ion-Exchange Chromatography (IEC) เป็นคำตอบที่ถูกต้องและสอดคล้องกับ evidence-based guidelines ของภาวะ HPLC (Liquid Chromatography) โดยมี clinical efficacy สูงสุดในการรักษาและมี safety profile ที่เหมาะสม
USP/NF, British Pharmacopoeia (BP) และ Remington: The Science and Practice of Pharmacy (หัวข้อ HPLC (Liquid Chromatography))

🔍 ข้ออื่นผิดเพราะอะไร:
• ข้อ ข. (Size Exclusion Chromatography (SEC)): ข้อนี้ไม่ใช่คำตอบที่ถูกต้องสำหรับภาวะ HPLC (Liquid Chromatography) เนื่องจากกลไกการออกฤทธิ์, efficacy หรือข้อบ่งใช้ไม่ตรงกับโจทย์ที่กำหนด
• ข้อ ค. (Chiral HPLC Separation Column): ข้อนี้ไม่ใช่คำตอบที่ถูกต้องสำหรับภาวะ HPLC (Liquid Chromatography) เนื่องจากกลไกการออกฤทธิ์, efficacy หรือข้อบ่งใช้ไม่ตรงกับโจทย์ที่กำหนด
• ข้อ ง. (HILIC (Hydrophilic Interaction LC)): ข้อนี้ไม่ใช่คำตอบที่ถูกต้องสำหรับภาวะ HPLC (Liquid Chromatography) เนื่องจากกลไกการออกฤทธิ์, efficacy หรือข้อบ่งใช้ไม่ตรงกับโจทย์ที่กำหนด
• ข้อ จ. (Ultra-High Performance LC (UHPLC)): ข้อนี้ไม่ใช่คำตอบที่ถูกต้องสำหรับภาวะ HPLC (Liquid Chromatography) เนื่องจากกลไกการออกฤทธิ์, efficacy หรือข้อบ่งใช้ไม่ตรงกับโจทย์ที่กำหนด

📖 Guideline อ้างอิง:
The United States Pharmacopeia (USP-NF 2024) General Chapter <621> Chromatography & British Pharmacopoeia (BP 2024) Appendix III

📌 จุดจำก่อนสอบ:
• Excipient Function: แม่นยำในบทบาทหน้าที่ของ excipients (diluent, binder, disintegrant, lubricant)
• Quality Specs: จำเกณฑ์ pharmacopoeia limits สำหรับ stability, dissolution และ uniformity
• Defect Troubleshooting: วิเคราะห์สาเหตุและวิธีแก้ไขปัญหา formulation defects เชิงสูตรตำรับ",,HPLC (Liquid Chromatography),Product,ข้อ 2 (PLE_CC1_2533.md),ข้อสอบจริง,ปี 2533,
29,pH ของ mobile phase  ถ้านักกีฬาถูกผูกขา 2 ข้างไว้ด้วยกันแล้วจับมาวิ่ง เค้าจะวิ่งได้เวลาเท่าเดิมเหมือนตอนไม่ โดนผูกขาหรือไม่ ??  pH ของ mobile phase จะไปทำให้สารที่ทำการแยกเกิดการแตกตัว/ไม่แตกตัว (ionized/unionized) เรียกเทคนิคนี้ว่า ion-suppression ซึ่งส่งผลให้มีการเปลี่ยนแปลงสภาพขั้ว (เป็นมี/ไม่มีประจุ) ดังนั้นอาจทำให้สารนั้น ๆ ออกมาไวขึ้น หรือช้าลง ขึ้นกับชนิด column/mobile phase ที่ใช้ หรือกล่าวได้ว่ามีการ เปลี่ยนแปลง Rt นั่นเอง,,HILIC (Hydrophilic Interaction LC),Ultra-High Performance LC (UHPLC),GC-Mass Spectrometry (GC-MS),Reversed-Phase HPLC,Normal-Phase HPLC (Silica column),1,"✅ คำตอบที่ถูกต้อง: ข้อ ก. HILIC (Hydrophilic Interaction LC)

💡 Background:
การวิเคราะห์และการควบคุมคุณภาพทางเภสัชกรรม (QC) ต้องเลือกเทคนิคที่ให้ accuracy, precision และ specificity ตามเกณฑ์มาตรฐานเภสัชตำรับ

🎯 ทำไมข้อนี้ถึงถูก:
HILIC (Hydrophilic Interaction LC) 💡 คำอธิบายและเหตุผลทางเภสัชกรรม:
💡 คำอธิบายและเหตุผลทางเภสัชกรรม:
การเลือก HILIC (Hydrophilic Interaction LC) เป็นคำตอบที่ถูกต้องและสอดคล้องกับ evidence-based guidelines ของภาวะ HPLC (Liquid Chromatography) โดยมี clinical efficacy สูงสุดในการรักษาและมี safety profile ที่เหมาะสม
USP/NF, British Pharmacopoeia (BP) และ Remington: The Science and Practice of Pharmacy (หัวข้อ HPLC (Liquid Chromatography))

🔍 ข้ออื่นผิดเพราะอะไร:
• ข้อ ข. (Ultra-High Performance LC (UHPLC)): ข้อนี้ไม่ใช่คำตอบที่ถูกต้องสำหรับภาวะ HPLC (Liquid Chromatography) เนื่องจากกลไกการออกฤทธิ์, efficacy หรือข้อบ่งใช้ไม่ตรงกับโจทย์ที่กำหนด
• ข้อ ค. (GC-Mass Spectrometry (GC-MS)): ข้อนี้ไม่ใช่คำตอบที่ถูกต้องสำหรับภาวะ HPLC (Liquid Chromatography) เนื่องจากกลไกการออกฤทธิ์, efficacy หรือข้อบ่งใช้ไม่ตรงกับโจทย์ที่กำหนด
• ข้อ ง. (Reversed-Phase HPLC): ข้อนี้ไม่ใช่คำตอบที่ถูกต้องสำหรับภาวะ HPLC (Liquid Chromatography) เนื่องจากกลไกการออกฤทธิ์, efficacy หรือข้อบ่งใช้ไม่ตรงกับโจทย์ที่กำหนด
• ข้อ จ. (Normal-Phase HPLC (Silica column)): ข้อนี้ไม่ใช่คำตอบที่ถูกต้องสำหรับภาวะ HPLC (Liquid Chromatography) เนื่องจากกลไกการออกฤทธิ์, efficacy หรือข้อบ่งใช้ไม่ตรงกับโจทย์ที่กำหนด

📖 Guideline อ้างอิง:
The United States Pharmacopeia (USP-NF 2024) General Chapter <621> Chromatography & British Pharmacopoeia (BP 2024) Appendix III

📌 จุดจำก่อนสอบ:
• Excipient Function: แม่นยำในบทบาทหน้าที่ของ excipients (diluent, binder, disintegrant, lubricant)
• Quality Specs: จำเกณฑ์ pharmacopoeia limits สำหรับ stability, dissolution และ uniformity
• Defect Troubleshooting: วิเคราะห์สาเหตุและวิธีแก้ไขปัญหา formulation defects เชิงสูตรตำรับ",,HPLC (Liquid Chromatography),Product,ข้อ 4 (PLE_CC1_2533.md),ข้อสอบจริง,ปี 2533,
30,เทคนิคทางโครมาโตรกราฟีใดต่อไปนี้สามารถแยกความแตกต่างระหว่าง theophylline และ caffeine ได้ caffeine theophylline,,Chiral chromatography,Countercurrent chromatography,Ion exchange chromatography,Reverse phase chromatography,Size exclusion chromatography จากกรณีศึกษาต่อไปนี้ ตอบคำถามข้อ 24-26 ชายไทยคู่ อายุ 56 ปี มีประวัติสูบบุหรี่มา 30 ปี ปัจจุบันเลิกบุหรี่มาแล้ว 2 ปี ถูกวินิจฉัยว่าเป็นโรค COPD แพทย์ได้สั่งจ่ายยา salbutamol 2 puff prn ไม่มีประวัติแพ้ยา,1,"✅ คำตอบที่ถูกต้อง: ข้อ ก. Chiral chromatography

💡 Background:
การวิเคราะห์และการควบคุมคุณภาพทางเภสัชกรรม (QC) ต้องเลือกเทคนิคที่ให้ accuracy, precision และ specificity ตามเกณฑ์มาตรฐานเภสัชตำรับ

🎯 ทำไมข้อนี้ถึงถูก:
Chiral chromatography 💡 คำอธิบายและเหตุผลทางเภสัชกรรม:
💡 คำอธิบายและเหตุผลทางเภสัชกรรม:
การเลือก Chiral chromatography เป็นคำตอบที่ถูกต้องและสอดคล้องกับ evidence-based guidelines ของภาวะ HPLC (Liquid Chromatography) โดยมี clinical efficacy สูงสุดในการรักษาและมี safety profile ที่เหมาะสม
USP/NF, British Pharmacopoeia (BP) และ Remington: The Science and Practice of Pharmacy (หัวข้อ HPLC (Liquid Chromatography))

🔍 ข้ออื่นผิดเพราะอะไร:
• ข้อ ข. (Countercurrent chromatography): ข้อนี้ไม่ใช่คำตอบที่ถูกต้องสำหรับภาวะ HPLC (Liquid Chromatography) เนื่องจากกลไกการออกฤทธิ์, efficacy หรือข้อบ่งใช้ไม่ตรงกับโจทย์ที่กำหนด
• ข้อ ค. (Ion exchange chromatography): ข้อนี้ไม่ใช่คำตอบที่ถูกต้องสำหรับภาวะ HPLC (Liquid Chromatography) เนื่องจากกลไกการออกฤทธิ์, efficacy หรือข้อบ่งใช้ไม่ตรงกับโจทย์ที่กำหนด
• ข้อ ง. (Reverse phase chromatography): ข้อนี้ไม่ใช่คำตอบที่ถูกต้องสำหรับภาวะ HPLC (Liquid Chromatography) เนื่องจากกลไกการออกฤทธิ์, efficacy หรือข้อบ่งใช้ไม่ตรงกับโจทย์ที่กำหนด
• ข้อ จ. (Size exclusion chromatography จากกรณีศึกษาต่อไปนี้ ตอบคำถามข้อ 24-26 ชายไทยคู่ อายุ 56 ปี มีประวัติสูบบุหรี่มา 30 ปี ปัจจุบันเลิกบุหรี่มาแล้ว 2 ปี ถูกวินิจฉัยว่าเป็นโรค COPD แพทย์ได้สั่งจ่ายยา salbutamol 2 puff prn ไม่มีประวัติแพ้ยา): เป็น Short-acting beta-2 agonist (SABA) ออกฤทธิ์เร็วเป็น bronchodilator สำหรับ acute relief แต่ CPG (GINA) ปัจจุบันไม่แนะนำให้ใช้เดี่ยวๆ โดยไม่มี ICS เพราะเพิ่มความเสี่ยง severe exacerbation

📖 Guideline อ้างอิง:
The United States Pharmacopeia (USP-NF 2024) General Chapter <621> Chromatography & British Pharmacopoeia (BP 2024) Appendix III

📌 จุดจำก่อนสอบ:
• Excipient Function: แม่นยำในบทบาทหน้าที่ของ excipients (diluent, binder, disintegrant, lubricant)
• Quality Specs: จำเกณฑ์ pharmacopoeia limits สำหรับ stability, dissolution และ uniformity
• Defect Troubleshooting: วิเคราะห์สาเหตุและวิธีแก้ไขปัญหา formulation defects เชิงสูตรตำรับ",,HPLC (Liquid Chromatography),Product,ข้อ 23 (PLE_CC1_Practice_Exam.md),Mock,Mock สภาเภสัชฯ Practice,
31,Normal phase chromatography ใช้เฟสนิ่งที่มีสภาพมีขขั้วสูงเพื่อแยกสารท่ืมีสภาพขั้วสูงออก จากกัน และใชเฟสเคลื่อนที่จะมีสภาพขั้วต ่ากวามาไลสารตาง ๆ ออกจากคอลัมนโดยสารที่มีสภาพขั้วสูงกวาจะ ออกมาทีหลัง,,Thin Layer Chromatography (TLC),Ion-Exchange Chromatography (IEC),Size Exclusion Chromatography (SEC),Chiral HPLC Separation Column,HILIC (Hydrophilic Interaction LC),1,"✅ คำตอบที่ถูกต้อง: ข้อ ก. Thin Layer Chromatography (TLC)

💡 Background:
การวิเคราะห์และการควบคุมคุณภาพทางเภสัชกรรม (QC) ต้องเลือกเทคนิคที่ให้ accuracy, precision และ specificity ตามเกณฑ์มาตรฐานเภสัชตำรับ

🎯 ทำไมข้อนี้ถึงถูก:
Thin Layer Chromatography (TLC) 💡 คำอธิบายและเหตุผลทางเภสัชกรรม:
💡 คำอธิบายและเหตุผลทางเภสัชกรรม:
การเลือก Thin Layer Chromatography (TLC) เป็นคำตอบที่ถูกต้องและสอดคล้องกับ evidence-based guidelines ของภาวะ HPLC (Liquid Chromatography) โดยมี clinical efficacy สูงสุดในการรักษาและมี safety profile ที่เหมาะสม
USP/NF, British Pharmacopoeia (BP) และ Remington: The Science and Practice of Pharmacy (หัวข้อ HPLC (Liquid Chromatography))

🔍 ข้ออื่นผิดเพราะอะไร:
• ข้อ ข. (Ion-Exchange Chromatography (IEC)): ข้อนี้ไม่ใช่คำตอบที่ถูกต้องสำหรับภาวะ HPLC (Liquid Chromatography) เนื่องจากกลไกการออกฤทธิ์, efficacy หรือข้อบ่งใช้ไม่ตรงกับโจทย์ที่กำหนด
• ข้อ ค. (Size Exclusion Chromatography (SEC)): ข้อนี้ไม่ใช่คำตอบที่ถูกต้องสำหรับภาวะ HPLC (Liquid Chromatography) เนื่องจากกลไกการออกฤทธิ์, efficacy หรือข้อบ่งใช้ไม่ตรงกับโจทย์ที่กำหนด
• ข้อ ง. (Chiral HPLC Separation Column): ข้อนี้ไม่ใช่คำตอบที่ถูกต้องสำหรับภาวะ HPLC (Liquid Chromatography) เนื่องจากกลไกการออกฤทธิ์, efficacy หรือข้อบ่งใช้ไม่ตรงกับโจทย์ที่กำหนด
• ข้อ จ. (HILIC (Hydrophilic Interaction LC)): ข้อนี้ไม่ใช่คำตอบที่ถูกต้องสำหรับภาวะ HPLC (Liquid Chromatography) เนื่องจากกลไกการออกฤทธิ์, efficacy หรือข้อบ่งใช้ไม่ตรงกับโจทย์ที่กำหนด

📖 Guideline อ้างอิง:
The United States Pharmacopeia (USP-NF 2024) General Chapter <621> Chromatography & British Pharmacopoeia (BP 2024) Appendix III

📌 จุดจำก่อนสอบ:
• Excipient Function: แม่นยำในบทบาทหน้าที่ของ excipients (diluent, binder, disintegrant, lubricant)
• Quality Specs: จำเกณฑ์ pharmacopoeia limits สำหรับ stability, dissolution และ uniformity
• Defect Troubleshooting: วิเคราะห์สาเหตุและวิธีแก้ไขปัญหา formulation defects เชิงสูตรตำรับ",,HPLC (Liquid Chromatography),Product,ข้อ 1 (PLE_CC1_Practice_Exam.md),Mock,Mock สภาเภสัชฯ Practice,
32,"Reverse phase chromatography ใชเฟสนิ่งท่ืมีสภาพขั้วต่ำ ตัวอยางเช่น สารอินทรียประเภท n-alkyl ซึ่งมีคารบอน 8 หรือ 18 โมเลกุล เพื่อแยกสารที่มีสภาพขั้วต่ำออกจากกัน และใช้เฟสเคลื่อนที่มีสภาพ ขั้วสูงกวาไส่สารที่ตองการออกมาจากคอลัมน โดยสารที่มีสภาพขั้วต ่ากว่า จะออกมาชากวา ข้อ 24 เฉลย จ. หลังการใช้ยาขยายหลอดลม จะมีค่า FEV1/FVC เพิ่มขึ้น 37 โรคระบบหายใจ นักศึกษาเภสัชศาสตร์ชั้นปีที่ 4 รุ่นที่ 28 มหาวิทยาลัยรังสิต สหพันธ์นิสิตนักศึกษาเภสัชศาสตร์แห่งประเทศไทย (สนภท.) เพราะ การวินิจฉัยโรค จะพิจารณาค่า FEV1 และ FEV1/FVC ratio ว่ามีค่าอยู่ในช่วงใดซึ่งจะสามารถ บอกระดับความรุนแรงของอาการได้ ไม่ได้พิจารณาว่าค่าFEV1/FVC จะเพิ่มขึ้นหรือไม่หลังจากการได้รับยา ขยายหลอดลม แนวทางการวินิจฉัย COPD ผู้ป่วยที่มีอายุมากกว่า 40 ปี มีอาการหรือมีประวัติเข้าตามเกณฑ์ข้อใดข้อหนึ่งต่อไปนี้ ให้สงสัยว่าเป็น COPD หากตรงตามเกณฑ์หลายข้อก็จะช่วยในการวินิจฉัยว่าเป็น COPD มากขึ้น และควรทำการตรวจยืนยัน สมรรถภาพปอด (spirometry) เพื่อยืนยันการวินิจฉัยต่อไป เกณฑ์การวินิจฉัยโรค - อาการหอบเหนื่อย (Dyspnea) ซึ่งเป็นอาการที่มีอยู่ตลอดเวลา เป็นมากขึ้นเรื่อยๆ เมื่อเวลาผ่าน ไปและอาการแย่ลงเมื่ออกกำลังกาย - อาการไอเรื้อรังแบบเป็นๆหายๆ ที่อาจมีหรือไม่มีเสมหะก็ได้ - อาการมีเสมหะเรื้อรัง - มีประวัติการสูบบุหรี่ การได้รับควัน มลพิษ ฝุ่น สารเคมี - มีประวัติครอบครัวเป็นโรค COPD การตรวจสมรรถภาพปอด การตรวจจะทำเมื่อผู้ป่วยมีอาการคงที่ และไม่มีอาการกำเริบของโรคอย่างน้อย 1 เดือน การตรวจนี้ สามารถใช้วินิจฉัยโรคได้ตั้งแต่ระยะไม่มีอาการ จะพบว่าค่า FEV1/FVC ratio หลังให้ยาขยายหลอดลมน้อย กว่าร้อยละ 70 (0.7) Ref : GOLD guideline 2014 ข้อ 25 เฉลย ก. ใจสั่น เหตุผล salbutamol ออกฤทธิ์ต่อตัวรับทั้งชนิด Beta 1 และ Beta 2 นอกเหนือการจากขยาย หลอดลมยังส่งผลให้เกิดการเพิ่มแรงบีบตัวของกล้ามเนื้อเรียบที่บริเวณหัวใจได้ ผลข้างเคียงทั้งหมดของ salbutamol - Feeling a bit shaky - Headache - Rapid or uneven heart beat - Flushing - Muscle cramps (uncommon with inhaled salbutamol). - Irritation or dryness of the mouth and throat (inhaled salbutamol only). - Hypokalaemia (low blood potassium levels), and can lead to muscle cramps and weakness, and in severe cases it can cause death as patients stop breathing 38 โรคระบบหายใจ นักศึกษาเภสัชศาสตร์ชั้นปีที่ 4 รุ่นที่ 28 มหาวิทยาลัยรังสิต สหพันธ์นิสิตนักศึกษาเภสัชศาสตร์แห่งประเทศไทย (สนภท.) - Restlessness - Dizziness - Bronchospasm (inhaled salbutamol only). - Lactic acidosis ข้อ 26 เฉลย ค. Tiotropium Br เหตุผล อาการของผู้ป่วยอยู่ใน Group B COPD ยาที่แนะนำคือ long acting bronchodilator Ref : GOLD guideline2017 ข้อ 27 เฉลย จ. เครื่องพ่นมีตัวยา จึงไม่ควรล้างน้ำ ยาเป็นผงกระจายตัวในกระสายยาที่เป็นของเหลว และต้องทำความสะอาดปากหลอดด้วยน้ำ แต่ต้อง เช็ดด้วยกระดาษซับให้แห้งเสมอ Ref: หนังสือคู่มือทักษะ สภาเภสัชกรรม ข้อ 28 เฉลย ข. แนะนำให้พ่นยาต่อเนื่องทุกวัน เพื่อควบคุมอาการ เหตุผล Seretideหaccuhaler มีส่วนผสมของยา 2 ชนิด คือ salmeterol ซึ่งออกฤทธิ์ในการขยาย หยอดลมและ fluticasone ซึ่งออกฤทธิ์ในการลดการอักเสบของทางเดินหายใจโดย fluticasone ต้องใช้ยา ติดต่อกันเป็นประจำทุกวัน จึงจะสามารถช่วยลดอาการได้ Ref: หนังสือ Pharmacotherapy ติวสภา Rx 32 ข้อ 29 เฉลย ง. ค่า FEV1 สูงกว่า 60% predicted มีความเสี่ยงต่อการเกิด exacerbation มาก เนื่องจากใน GINA assessment of symptom control ไม่ได้ใช้คำถามนี้ และค่า FEV1 ต้องต่ำกว่า 60% predicted จึงมีความเสี่ยงต่อการเกิด exacerbation มาก ข้อ 30 เฉลย ข. ควรพิจารณาการ Step up เนื่องจากเมื่อทำ GINA assessment of symptom control พบว่าเป็น uncontrolled คือผู้ป่วยไม่ สามารถควบคุมอาการได้ จึงควรพิจารณา step up การรักษาขึ้น 1 ระดับ ข้อ 31 เฉลย ข. Fluticasone propionate 200 mcg + Symbicortห(Budesonide/Formoterol) เนื่องจากข้อ 30 พิจารณาการ step up ขึ้น 1 ระดับ คือจากเดิม step 2 เพิ่มเป็น step 3 ซึ่งมี low dose ICS เป็น controller และ low dose ICS/formoterol เป็น reliever ข้อ32 ข้อ 33 เฉลย จ. Salmeterol เนื่องจาก Salmeterol เป็น long-acting beta 2 agonist ข้อ 34 เฉลย ข. ความถี่ของการใช้ short-acting beta-2 agonist เป็นตัวบ่งบอกถึงผลการรักษา 39 โรคระบบหายใจ นักศึกษาเภสัชศาสตร์ชั้นปีที่ 4 รุ่นที่ 28 มหาวิทยาลัยรังสิต สหพันธ์นิสิตนักศึกษาเภสัชศาสตร์แห่งประเทศไทย (สนภท.) เนื่องจากความถี่ในการใช้ short-acting beta2 agonist บอกถึงความสามารถในการควบคุมอาการ ของผู้ป่วยได้ ข้อ 35 เฉลย ข. ยับยั้งเอนไซม์ Phosphodiesterase เนื่องจาก Theophylline เป็นยาในกลุ่ม Methylxanthines ออกฤทธิ์โดยการยับยั้งเอนไซม์ Phosphodiesterase ซึ่งทำลาย cAMP ในเซลล์กล้ามเนื้อเรียบของหลอดลม ทำให้ cAMP เพิ่มขึ้น cAMP ที่ เพิ่มขึ้นในเซลล์จะกระตุ้น Protein kinase A ทำให้กล้ามเนื้อเรียบที่หลอดลมคลายตัว ข้อ 36 เฉลย ค. กระตุ้นกระบวนการสร้าง leukotriene เพราะว่า กลไกที่สำคัญของยากลุ่มนี้ คือ ต้าน IgE รบกวน arachidonic acid metabolism และ กระบวนการสร้าง leukotriene และ prostaglandins ป้องกันการสร้างและการ หลั่ง cytokine จึงลดการ กระตุ้น inflammatory cells เพิ่มการตอบสนองของ receptor ที่กล้ามเนื้อเรียบทางเดินหายใจ ข้อ 37 เฉลย ก. มือสั่น ใจสั่น เพราะไม่ใช่อาการไม่พึงประสงค์ของการใช้ยายากลุ่ม Inhaled corticosteroids โดยอาการไม่พึง ประสงค์ของยากลุ่มนี้ คือ อาการเจ็บจมูกอย่างรุนแรง มีเลือดออกในจมูกบ่อยๆ อาการแสดงของการแพ้ยา เช่น แน่นหน้าอก หายใจหรือกลืนลาบาก บวมบริเวณลิ้น ริมฝีปาก เปลือกตา หรือหน้า ผื่นคัน ผื่นลมพิษ หรือ อาการหายใจหวีดเนื่องจากหายใจขัด (wheezing) มี ฝ้าขาวในคอ ปาก หรือจมูก ประจำเดือนมาไม่สม่ำเสมอ เป็นสิวอย่างรุนแรง อาจเกิดการระคายเคือง หรือเป็นแผลไหม้ในจมูก ปากแห้ง เจ็บคอ เสียงแหบ ไอเพิ่มมาก ขึ้น มีเลือดกำเดาไหลเป็นบางครั้ง ข้อ 38 เฉลย ข. เพราะ ข. คือ formoterol เป็นยากลุ่ม selective beta-2 agonists แบบ long-acting beta-2 agonists ส่วน ก. คือ terbutaline, ค. คือ metaproterenol และ ง. คือ salbutamol เป็นยากลุ่ม selective beta-2 agonists แบบ short-acting beta-2 agonists และ จ. คือ epinephrine เป็นยากลุ่ม endogenous catecholamines 40 โรคระบบหายใจ นักศึกษาเภสัชศาสตร์ชั้นปีที่ 4 รุ่นที่ 28 มหาวิทยาลัยรังสิต สหพันธ์นิสิตนักศึกษาเภสัชศาสตร์แห่งประเทศไทย (สนภท.) ข้อ 39 เฉลย ง. ดูตรงที่การเปลี่ยนแปลง catechol –OH group จะทำให้ยานั้นไม่ถูกทำลายโดยเอนไซม์ catechol-O-methyl transferase และไม่ถูก uptake เข้าปลายประสาท ข้อ 40 เฉลย จ. เปลี่ยนการแทนที่บน benzene ring จาก หมู่ 3,4-hydroxyl เป็นตำแหน่ง 3,5-hydroxyl เพื่อให้ทนต่อกรดในกระเพาะอาหาร เพราะยานี้ คือ fenoterol ไม่ใช่กลุ่ม rapid-acting (เช่น albuterol, pirbuterol และ terbutaline) มีการดัดแปลงโครงสร้างเพื่อให้ทนต่อ catechol-O-methyltransferase สามารถทำให้โดยเปลี่ยนการแทนที่ บน benzene ring จาก หมู่ 3,4-hydroxyl เป็นตำแหน่ง 3,5-hydroxyl และจัดเป็นยากลุ่ม selective beta 2 agonists แบบ long-acting beta2 agonists จาก SAR ไม่มีอะไรที่บอกเกี่ยวกับการทนกรดในกระเพาะ อาหาร เลย ข้อ 41 เฉลย ข.หมู่ –OH ที่ตำแหน่ง 3 ถูกแทนที่ด้วย เช่น sulfone ยานี้คือ Soterenol เป็นทั้ง beta1 และ beta2 selectivities มีการดัดแปลงโครงสร้างส่วน catechol ring จะเพิ่มฤทธิ์ beta2 activity เช่น bronchodilator beta2/beta1 index จะเพิ่มขึ้นเมื่อ หมู่ –OH ที่ตำแหน่ง 3 ถูกแทนที่ด้วย sulfonamide ใน soterenol สารที่เป็น tertiary amine จะไม่มีฤทธิ์ และ ฤทธิ์ต่อ beta2 ของ secondary amines จะเพิ่มขึ้นโดยการเติม branched arylalkyl chains ข้อ 42 เฉลย ง. ทำให้หลอดลมคลายตัว หัวใจเต้นเร็ว และน้ำลายแห้ง ยานี้คือ Ipratropium เป็นยากลุ่ม Anticholinergics drugs จัดอยู่ในกลุ่ม Quartenary Amines (เช่น ipratropium, propantheline, glycopyrrolate) ซึ่งจะทำให้ CNS effect ลดลง แต่ peripheral effect เพิ่มขึ้น มีโครงสร้างต่างจาก atropine ที่มี isopropyl groups ที่ตำแหน่งไนโตรเจน ฤทธิ์ต่าง ๆ คล้าย กับ atropine ได้แก่ การทำให้หลอดลมคลายตัว หัวใจเต้นเร็ว และน้ำลายแห้ง 41 โรคระบบหายใจ ฝ่ายวิชาการ และนิสิตชั้นปีที่ 4 สโมสรนิสิตเภสัชศาสตร์ มหาวิทยาลัยบูรพา สหพันธ์นิสิตนักศึกษาเภสัชศาสตร์แห่งประเทศไทย (สนภท.)",,Chiral HPLC Separation Column,HILIC (Hydrophilic Interaction LC),Ultra-High Performance LC (UHPLC),GC-Mass Spectrometry (GC-MS),Reversed-Phase HPLC,4,"✅ คำตอบที่ถูกต้อง: ข้อ ง. GC-Mass Spectrometry (GC-MS)

💡 Background:
การวิเคราะห์และการควบคุมคุณภาพทางเภสัชกรรม (QC) ต้องเลือกเทคนิคที่ให้ accuracy, precision และ specificity ตามเกณฑ์มาตรฐานเภสัชตำรับ

🎯 ทำไมข้อนี้ถึงถูก:
GC-Mass Spectrometry (GC-MS) 💡 คำอธิบายและเหตุผลทางเภสัชกรรม:
💡 คำอธิบายและเหตุผลทางเภสัชกรรม:
การเลือก GC-Mass Spectrometry (GC-MS) เป็นคำตอบที่ถูกต้องและสอดคล้องกับ evidence-based guidelines ของภาวะ HPLC (Liquid Chromatography) โดยมี clinical efficacy สูงสุดในการรักษาและมี safety profile ที่เหมาะสม
USP/NF, British Pharmacopoeia (BP) และ Remington: The Science and Practice of Pharmacy (หัวข้อ HPLC (Liquid Chromatography))

🔍 ข้ออื่นผิดเพราะอะไร:
• ข้อ ก. (Chiral HPLC Separation Column): ข้อนี้ไม่ใช่คำตอบที่ถูกต้องสำหรับภาวะ HPLC (Liquid Chromatography) เนื่องจากกลไกการออกฤทธิ์, efficacy หรือข้อบ่งใช้ไม่ตรงกับโจทย์ที่กำหนด
• ข้อ ข. (HILIC (Hydrophilic Interaction LC)): ข้อนี้ไม่ใช่คำตอบที่ถูกต้องสำหรับภาวะ HPLC (Liquid Chromatography) เนื่องจากกลไกการออกฤทธิ์, efficacy หรือข้อบ่งใช้ไม่ตรงกับโจทย์ที่กำหนด
• ข้อ ค. (Ultra-High Performance LC (UHPLC)): ข้อนี้ไม่ใช่คำตอบที่ถูกต้องสำหรับภาวะ HPLC (Liquid Chromatography) เนื่องจากกลไกการออกฤทธิ์, efficacy หรือข้อบ่งใช้ไม่ตรงกับโจทย์ที่กำหนด
• ข้อ จ. (Reversed-Phase HPLC): ข้อนี้ไม่ใช่คำตอบที่ถูกต้องสำหรับภาวะ HPLC (Liquid Chromatography) เนื่องจากกลไกการออกฤทธิ์, efficacy หรือข้อบ่งใช้ไม่ตรงกับโจทย์ที่กำหนด

📖 Guideline อ้างอิง:
The United States Pharmacopeia (USP-NF 2024) General Chapters <71> Sterility Tests, <85> Bacterial Endotoxins Test & WHO Good Manufacturing Practices for Sterile Pharmaceutical Products

📌 จุดจำก่อนสอบ:
• Excipient Function: แม่นยำในบทบาทหน้าที่ของ excipients (diluent, binder, disintegrant, lubricant)
• Quality Specs: จำเกณฑ์ pharmacopoeia limits สำหรับ stability, dissolution และ uniformity
• Defect Troubleshooting: วิเคราะห์สาเหตุและวิธีแก้ไขปัญหา formulation defects เชิงสูตรตำรับ",,HPLC (Liquid Chromatography),Product,ข้อ 2 (PLE_CC1_Practice_Exam.md),Mock,Mock สภาเภสัชฯ Practice,
33,"Wet Gum Method (Addition of Internal phase to external phase) ตวงน้ำใส่โกร่งแล้วใส่ emulsifier ผสมให้เข้ากันและใส่ oil ลงไปในโกร่งทีละน้อยจนหมด จากนั้น shear อย่างแรงและเร็ว ทุกครั้งที่เติม แล้วปั่นต่ออีก 5 นาทีก็จะได้ Primary emulsion แล้วค่อยใส่สารอื่นที่เหลือ Beaker method ขั้นตอนที่ 1 ให้แยกบีกเกอรระหว่าง water phase และ oil phase ขั้นตอนที่ 2. ให้น้ำแต่ละสวนไปหลอมโดยให้วัฏภาคน้ำมีอุณหภูมิประมาณ 75 – 78 องศาเซลเซียส และวัต ภาคน้ำมันให้มีอุณหภูมิประมาณ 72 – 75 องศาเซลเซียส (ให้วัตภาคน้ำอุณหภูมิสูงกว่าวัฏภาคภายใน 2-3 องศาเซลเซียส) ขั้นตอนที่ 3. ให้ผสมสารทั้งสองบีกเกอรรวมกัน ซึ่งมี 2 วิธีคือเทวัฏภาคน้ำลงในวัฏภาคน้ำมัน หรือ การเทวัต ภาคน้ำมันลงในวัคภาคน้ำ ขั้นตอนที่ 4. ให้คนจนเย็น และ congeal ที่อุณหภูมิ 40-50 องศาเซลเซียส จึงเติมสารอื่น เช่น electrolyte solution , heat sensitive substances , preservative 5.ไม่ควรท้าให้อิมัลชันเย็นลงอย่างรวดเร็ว เพราะ อาจเกิดการตกตะกอนอย่าง รวดเร็วของ waxes ข้อ 32. เฉลย ง. ถ้าใส่ขั้วหลอดไฟฟ้าในการทดสอบ conductivity test หลอดไฟจะติดๆดับๆ เพราะ 311 เภสัชภัณฑ์รูปแบบของเหลว (Liquid dosage form) ฝ่ายวิชาการ สโมสรนักศึกษาคณะเภสัชศาสตร์ มหาวิทยาลัยพายัพ สหพันธ์นิสิตนักศึกษาเภสัชศาสตร์แห่งประเทศไทย (สนภท.) ข้อ 33. เฉลย ก. ข้อ 34. เฉลย ค. ข้อ 35. เฉลย ค.เป็น coarse dispersion (เป็นการกระจายอย่างหยาบ) เพราะ ยาอิมัลชัน",,ผิด อนุภาคของวัฏภาคกระจายตัวเป็นของเหลว,ผิด ต้องใช้พลังงานเพื่อกระจายอนุภาตของวัฏภาคกระจายตัวออกจากกัน,ผิด ประกอบด้วยสองวัฏภาคที่ไม่ผสมเข้ากัน,"ผิด เมื่อเกิด caking สามารถเขย่ากลับคืนสภาพเดิม ข้อ 36. เฉลย จ. ถูกทุกข้อ ข้อ 37. เฉลย ง. Disodium EDTA ข้อ 38. เฉลย ง. ตำหรับนี้คือ Camphor Liniment, NF, BP ใช้เป็นยาถูนวด และใช้เป็นยาภายนอกห้าม รับประทาน ข้อ 39. เฉลย ง. เพราะขณะเติมCamphor ลงไปควรหยุดการให้ความร้อน ข้อ 40. เฉลย ก. Active ingredient 312 เภสัชภัณฑ์รูปแบบของเหลว (Liquid dosage form) ฝ่ายวิชาการและนิสิตชั้นปีที่ 4 สโมสรนิสิตคณะเภสัชศาสตร์ มหาวิทยาลัยพะเยา ปีการศึกษา 2560 สหพันธ์นิสิตนักศึกษาเภสัชศาสตร์แห่งประเทศไทย (สนภท.)",Thin Layer Chromatography (TLC),1,"✅ คำตอบที่ถูกต้อง: ข้อ ก. ผิด อนุภาคของวัฏภาคกระจายตัวเป็นของเหลว

💡 Background:
การวิเคราะห์และการควบคุมคุณภาพทางเภสัชกรรม (QC) ต้องเลือกเทคนิคที่ให้ accuracy, precision และ specificity ตามเกณฑ์มาตรฐานเภสัชตำรับ

🎯 ทำไมข้อนี้ถึงถูก:
ผิด อนุภาคของวัฏภาคกระจายตัวเป็นของเหลว 💡 คำอธิบายและเหตุผลทางเภสัชกรรม:
💡 คำอธิบายและเหตุผลทางเภสัชกรรม:
การเลือก ผิด อนุภาคของวัฏภาคกระจายตัวเป็นของเหลว เป็นคำตอบที่ถูกต้องและสอดคล้องกับ evidence-based guidelines ของภาวะ HPLC (Liquid Chromatography) โดยมี clinical efficacy สูงสุดในการรักษาและมี safety profile ที่เหมาะสม
USP/NF, British Pharmacopoeia (BP) และ Remington: The Science and Practice of Pharmacy (หัวข้อ HPLC (Liquid Chromatography))

🔍 ข้ออื่นผิดเพราะอะไร:
• ข้อ ข. (ผิด ต้องใช้พลังงานเพื่อกระจายอนุภาตของวัฏภาคกระจายตัวออกจากกัน): ข้อนี้ไม่ใช่คำตอบที่ถูกต้องสำหรับภาวะ HPLC (Liquid Chromatography) เนื่องจากกลไกการออกฤทธิ์, efficacy หรือข้อบ่งใช้ไม่ตรงกับโจทย์ที่กำหนด
• ข้อ ค. (ผิด ประกอบด้วยสองวัฏภาคที่ไม่ผสมเข้ากัน): ข้อนี้ไม่ใช่คำตอบที่ถูกต้องสำหรับภาวะ HPLC (Liquid Chromatography) เนื่องจากกลไกการออกฤทธิ์, efficacy หรือข้อบ่งใช้ไม่ตรงกับโจทย์ที่กำหนด
• ข้อ ง. (ผิด เมื่อเกิด caking สามารถเขย่ากลับคืนสภาพเดิม ข้อ 36. เฉลย จ. ถูกทุกข้อ ข้อ 37. เฉลย ง. Disodium EDTA ข้อ 38. เฉลย ง. ตำหรับนี้คือ Camphor Liniment, NF, BP ใช้เป็นยาถูนวด และใช้เป็นยาภายนอกห้าม รับประทาน ข้อ 39. เฉลย ง. เพราะขณะเติมCamphor ลงไปควรหยุดการให้ความร้อน ข้อ 40. เฉลย ก. Active ingredient 312 เภสัชภัณฑ์รูปแบบของเหลว (Liquid dosage form) ฝ่ายวิชาการและนิสิตชั้นปีที่ 4 สโมสรนิสิตคณะเภสัชศาสตร์ มหาวิทยาลัยพะเยา ปีการศึกษา 2560 สหพันธ์นิสิตนักศึกษาเภสัชศาสตร์แห่งประเทศไทย (สนภท.)): วัคซีนรวมคอตีบ-บาดทะยัก ฉีดกระตุ้นทุก 10 ปี หรือใช้ในหญิงตั้งครรภ์และผู้ใหญ่
• ข้อ จ. (Thin Layer Chromatography (TLC)): ข้อนี้ไม่ใช่คำตอบที่ถูกต้องสำหรับภาวะ HPLC (Liquid Chromatography) เนื่องจากกลไกการออกฤทธิ์, efficacy หรือข้อบ่งใช้ไม่ตรงกับโจทย์ที่กำหนด

📖 Guideline อ้างอิง:
The United States Pharmacopeia (USP-NF 2024) General Chapter <621> Chromatography & British Pharmacopoeia (BP 2024) Appendix III

📌 จุดจำก่อนสอบ:
• Excipient Function: แม่นยำในบทบาทหน้าที่ของ excipients (diluent, binder, disintegrant, lubricant)
• Quality Specs: จำเกณฑ์ pharmacopoeia limits สำหรับ stability, dissolution และ uniformity
• Defect Troubleshooting: วิเคราะห์สาเหตุและวิธีแก้ไขปัญหา formulation defects เชิงสูตรตำรับ",,HPLC (Liquid Chromatography),Product,ข้อ 2 (PLE_CC1_Practice_Exam.md),Mock,Mock สภาเภสัชฯ Practice,
34,ข้อใดถูกต้องเกี่ยวกับ Infrared Spectroscopy,,น้ำมีค่า Fundamental vibration เท่ากับ 2,แก๊สคาร์บอนไดออกไซด์มีค่า Fundamental vibration เท่ากับ 3,เซลล์ตัวอย่างควรมีลักษณะโปร่งใสและไม่ดูดกลืนรังสีอินฟราเรดช่วงเดียวกับตัวอย่าง เช่น เกลือของแัไลด์,สารประกอบกลุ่มไนโตรจะมี wavenumber มากกว่าไนไทรล์,ข้อ ค. และ ง. ถูก,1,"✅ คำตอบที่ถูกต้อง: ข้อ ก. น้ำมีค่า Fundamental vibration เท่ากับ 2

💡 Background:
การวิเคราะห์และการควบคุมคุณภาพทางเภสัชกรรม (QC) ต้องเลือกเทคนิคที่ให้ accuracy, precision และ specificity ตามเกณฑ์มาตรฐานเภสัชตำรับ

🎯 ทำไมข้อนี้ถึงถูก:
น้ำมีค่า Fundamental vibration เท่ากับ 2 💡 คำอธิบายและเหตุผลทางเภสัชกรรม:
💡 คำอธิบายและเหตุผลทางเภสัชกรรม:
การเลือก น้ำมีค่า Fundamental vibration เท่ากับ 2 เป็นคำตอบที่ถูกต้องและสอดคล้องกับ evidence-based guidelines ของภาวะ HPLC (Liquid Chromatography) โดยมี clinical efficacy สูงสุดในการรักษาและมี safety profile ที่เหมาะสม
USP/NF, British Pharmacopoeia (BP) และ Remington: The Science and Practice of Pharmacy (หัวข้อ HPLC (Liquid Chromatography))

🔍 ข้ออื่นผิดเพราะอะไร:
• ข้อ ข. (แก๊สคาร์บอนไดออกไซด์มีค่า Fundamental vibration เท่ากับ 3): ข้อนี้ไม่ใช่คำตอบที่ถูกต้องสำหรับภาวะ HPLC (Liquid Chromatography) เนื่องจากกลไกการออกฤทธิ์, efficacy หรือข้อบ่งใช้ไม่ตรงกับโจทย์ที่กำหนด
• ข้อ ค. (เซลล์ตัวอย่างควรมีลักษณะโปร่งใสและไม่ดูดกลืนรังสีอินฟราเรดช่วงเดียวกับตัวอย่าง เช่น เกลือของแัไลด์): ข้อนี้ไม่ใช่คำตอบที่ถูกต้องสำหรับภาวะ HPLC (Liquid Chromatography) เนื่องจากกลไกการออกฤทธิ์, efficacy หรือข้อบ่งใช้ไม่ตรงกับโจทย์ที่กำหนด
• ข้อ ง. (สารประกอบกลุ่มไนโตรจะมี wavenumber มากกว่าไนไทรล์): ข้อนี้ไม่ใช่คำตอบที่ถูกต้องสำหรับภาวะ HPLC (Liquid Chromatography) เนื่องจากกลไกการออกฤทธิ์, efficacy หรือข้อบ่งใช้ไม่ตรงกับโจทย์ที่กำหนด
• ข้อ จ. (ข้อ ค. และ ง. ถูก): ข้อนี้ไม่ใช่คำตอบที่ถูกต้องสำหรับภาวะ HPLC (Liquid Chromatography) เนื่องจากกลไกการออกฤทธิ์, efficacy หรือข้อบ่งใช้ไม่ตรงกับโจทย์ที่กำหนด

📖 Guideline อ้างอิง:
The United States Pharmacopeia (USP-NF 2024) General Chapter <621> Chromatography & British Pharmacopoeia (BP 2024) Appendix III

📌 จุดจำก่อนสอบ:
• Excipient Function: แม่นยำในบทบาทหน้าที่ของ excipients (diluent, binder, disintegrant, lubricant)
• Quality Specs: จำเกณฑ์ pharmacopoeia limits สำหรับ stability, dissolution และ uniformity
• Defect Troubleshooting: วิเคราะห์สาเหตุและวิธีแก้ไขปัญหา formulation defects เชิงสูตรตำรับ",,HPLC (Liquid Chromatography),Product,ข้อ 2 (PLE_CC1_Practice_Exam.md),Mock,Mock สภาเภสัชฯ Practice,
35,"จงหา pH ของสารละลายที่ประกอบด้วย urea 42% w/v (กำหนดให้ Kb = 1.5x10-14 , MW of Urea = 60 g/mol)",,6.5,7,7.5,8,8.5,1,"✅ คำตอบที่ถูกต้อง: ข้อ ก. 6.5

💡 Background:
การวิเคราะห์และการควบคุมคุณภาพทางเภสัชกรรม (QC) ต้องเลือกเทคนิคที่ให้ accuracy, precision และ specificity ตามเกณฑ์มาตรฐานเภสัชตำรับ

🎯 ทำไมข้อนี้ถึงถูก:
6.5 💡 คำอธิบายและเหตุผลทางเภสัชกรรม:
💡 คำอธิบายและเหตุผลทางเภสัชกรรม:
การเลือก 6.5 เป็นคำตอบที่ถูกต้องและสอดคล้องกับ evidence-based guidelines ของภาวะ HPLC (Liquid Chromatography) โดยมี clinical efficacy สูงสุดในการรักษาและมี safety profile ที่เหมาะสม
USP/NF, British Pharmacopoeia (BP) และ Remington: The Science and Practice of Pharmacy (หัวข้อ HPLC (Liquid Chromatography))

🔍 ข้ออื่นผิดเพราะอะไร:
• ข้อ ข. (7.0): ข้อนี้ไม่ใช่คำตอบที่ถูกต้องสำหรับภาวะ HPLC (Liquid Chromatography) เนื่องจากกลไกการออกฤทธิ์, efficacy หรือข้อบ่งใช้ไม่ตรงกับโจทย์ที่กำหนด
• ข้อ ค. (7.5): ข้อนี้ไม่ใช่คำตอบที่ถูกต้องสำหรับภาวะ HPLC (Liquid Chromatography) เนื่องจากกลไกการออกฤทธิ์, efficacy หรือข้อบ่งใช้ไม่ตรงกับโจทย์ที่กำหนด
• ข้อ ง. (8.0): ข้อนี้ไม่ใช่คำตอบที่ถูกต้องสำหรับภาวะ HPLC (Liquid Chromatography) เนื่องจากกลไกการออกฤทธิ์, efficacy หรือข้อบ่งใช้ไม่ตรงกับโจทย์ที่กำหนด
• ข้อ จ. (8.5): ข้อนี้ไม่ใช่คำตอบที่ถูกต้องสำหรับภาวะ HPLC (Liquid Chromatography) เนื่องจากกลไกการออกฤทธิ์, efficacy หรือข้อบ่งใช้ไม่ตรงกับโจทย์ที่กำหนด

📖 Guideline อ้างอิง:
The United States Pharmacopeia (USP-NF 2024) General Chapter <621> Chromatography & British Pharmacopoeia (BP 2024) Appendix III

📌 จุดจำก่อนสอบ:
• Excipient Function: แม่นยำในบทบาทหน้าที่ของ excipients (diluent, binder, disintegrant, lubricant)
• Quality Specs: จำเกณฑ์ pharmacopoeia limits สำหรับ stability, dissolution และ uniformity
• Defect Troubleshooting: วิเคราะห์สาเหตุและวิธีแก้ไขปัญหา formulation defects เชิงสูตรตำรับ",,HPLC (Liquid Chromatography),Product,ข้อ 5 (PLE_CC1_Practice_Exam.md),Mock,Mock สภาเภสัชฯ Practice,
36,C18 column ใช้เป็น stationary phase ใน HPLC ประเภทใด,,Nornal phase HPLC,Reverse phase HPLC,Size-exclusion HPLC 344 เภสัชภัณฑ์รูปแบบกึ่งแข็ง (Semisolid dosage form) ฝ่ายวิชาการ สโมสรนักศึกษาคณะเภสัชศาสตร์มหาวิทยาลัยขอนแก่น และนักศึกษาชั้นปีที่4 รุ่นที่ 33 สหพันธ์นิสิตนักศึกษาเภสัชศาสตร์แห่งประเทศไทย (สนภท.),Ion-exchange HPLC,Carbon-exclusion HPLC,1,"✅ คำตอบที่ถูกต้อง: ข้อ ก. Nornal phase HPLC

💡 Background:
การวิเคราะห์และการควบคุมคุณภาพทางเภสัชกรรม (QC) ต้องเลือกเทคนิคที่ให้ accuracy, precision และ specificity ตามเกณฑ์มาตรฐานเภสัชตำรับ

🎯 ทำไมข้อนี้ถึงถูก:
Nornal phase HPLC 💡 คำอธิบายและเหตุผลทางเภสัชกรรม:
💡 คำอธิบายและเหตุผลทางเภสัชกรรม:
การเลือก Nornal phase HPLC เป็นคำตอบที่ถูกต้องและสอดคล้องกับ evidence-based guidelines ของภาวะ HPLC (Liquid Chromatography) โดยมี clinical efficacy สูงสุดในการรักษาและมี safety profile ที่เหมาะสม
USP/NF, British Pharmacopoeia (BP) และ Remington: The Science and Practice of Pharmacy (หัวข้อ HPLC (Liquid Chromatography))

🔍 ข้ออื่นผิดเพราะอะไร:
• ข้อ ข. (Reverse phase HPLC): ข้อนี้ไม่ใช่คำตอบที่ถูกต้องสำหรับภาวะ HPLC (Liquid Chromatography) เนื่องจากกลไกการออกฤทธิ์, efficacy หรือข้อบ่งใช้ไม่ตรงกับโจทย์ที่กำหนด
• ข้อ ค. (Size-exclusion HPLC 344 เภสัชภัณฑ์รูปแบบกึ่งแข็ง (Semisolid dosage form) ฝ่ายวิชาการ สโมสรนักศึกษาคณะเภสัชศาสตร์มหาวิทยาลัยขอนแก่น และนักศึกษาชั้นปีที่4 รุ่นที่ 33 สหพันธ์นิสิตนักศึกษาเภสัชศาสตร์แห่งประเทศไทย (สนภท.)): ข้อนี้ไม่ใช่คำตอบที่ถูกต้องสำหรับภาวะ HPLC (Liquid Chromatography) เนื่องจากกลไกการออกฤทธิ์, efficacy หรือข้อบ่งใช้ไม่ตรงกับโจทย์ที่กำหนด
• ข้อ ง. (Ion-exchange HPLC): ข้อนี้ไม่ใช่คำตอบที่ถูกต้องสำหรับภาวะ HPLC (Liquid Chromatography) เนื่องจากกลไกการออกฤทธิ์, efficacy หรือข้อบ่งใช้ไม่ตรงกับโจทย์ที่กำหนด
• ข้อ จ. (Carbon-exclusion HPLC): ข้อนี้ไม่ใช่คำตอบที่ถูกต้องสำหรับภาวะ HPLC (Liquid Chromatography) เนื่องจากกลไกการออกฤทธิ์, efficacy หรือข้อบ่งใช้ไม่ตรงกับโจทย์ที่กำหนด

📖 Guideline อ้างอิง:
The United States Pharmacopeia (USP-NF 2024) General Chapter <621> Chromatography & British Pharmacopoeia (BP 2024) Appendix III

📌 จุดจำก่อนสอบ:
• Excipient Function: แม่นยำในบทบาทหน้าที่ของ excipients (diluent, binder, disintegrant, lubricant)
• Quality Specs: จำเกณฑ์ pharmacopoeia limits สำหรับ stability, dissolution และ uniformity
• Defect Troubleshooting: วิเคราะห์สาเหตุและวิธีแก้ไขปัญหา formulation defects เชิงสูตรตำรับ",,HPLC (Liquid Chromatography),Product,ข้อ 15 (PLE_CC1_Practice_Exam.md),Mock,Mock สภาเภสัชฯ Practice,
37,เภสัชกรท่านหนึ่งสงสัยว่ายา A ที่ตนได้มามีการปลอมปนหรือไม่ จึงได้ทำการทดสอบด้วยวิธี Reversed phase HPLC โดยใช้ UV-Visible เป็น Detector เมื่อดูผลการทดสอบพบว่ามี Peak เกิด เพิ่มขึ้นนอกเหนือจาก Peak ของยา A 1 Peak (สมมุติว่า Peak นั้นเป็นสาร B) โดย Peak ดังกล่าว เกิดขึ้นก่อนและห่างจาก Peak ของยา A พอสมควรและไม่ซ้อนทับกัน จากผลข้างต้น ข้อใดผิด (กำหนดให้ Peak สาร B ไม่ใช่ Air peak หรือ Solvent peak),,ระบบที่ทดสอบน่าจะมีค่า Resolution ที่ดี,สาร B มีความเป็นขั้วมากกว่ายา A,Retention time ของยา A น้อยกว่าสาร B,ยา A มีค่า Capacity factor มากกว่าสาร B,ไม่มีตัวเลือกใดผิด,1,"✅ คำตอบที่ถูกต้อง: ข้อ ก. ระบบที่ทดสอบน่าจะมีค่า Resolution ที่ดี

💡 Background:
การวิเคราะห์และการควบคุมคุณภาพทางเภสัชกรรม (QC) ต้องเลือกเทคนิคที่ให้ accuracy, precision และ specificity ตามเกณฑ์มาตรฐานเภสัชตำรับ

🎯 ทำไมข้อนี้ถึงถูก:
ระบบที่ทดสอบน่าจะมีค่า Resolution ที่ดี 💡 คำอธิบายและเหตุผลทางเภสัชกรรม:
💡 คำอธิบายและเหตุผลทางเภสัชกรรม:
การเลือก ระบบที่ทดสอบน่าจะมีค่า Resolution ที่ดี เป็นคำตอบที่ถูกต้องและสอดคล้องกับ evidence-based guidelines ของภาวะ HPLC (Liquid Chromatography) โดยมี clinical efficacy สูงสุดในการรักษาและมี safety profile ที่เหมาะสม
USP/NF, British Pharmacopoeia (BP) และ Remington: The Science and Practice of Pharmacy (หัวข้อ HPLC (Liquid Chromatography))

🔍 ข้ออื่นผิดเพราะอะไร:
• ข้อ ข. (สาร B มีความเป็นขั้วมากกว่ายา A): ข้อนี้ไม่ใช่คำตอบที่ถูกต้องสำหรับภาวะ HPLC (Liquid Chromatography) เนื่องจากกลไกการออกฤทธิ์, efficacy หรือข้อบ่งใช้ไม่ตรงกับโจทย์ที่กำหนด
• ข้อ ค. (Retention time ของยา A น้อยกว่าสาร B): ข้อนี้ไม่ใช่คำตอบที่ถูกต้องสำหรับภาวะ HPLC (Liquid Chromatography) เนื่องจากกลไกการออกฤทธิ์, efficacy หรือข้อบ่งใช้ไม่ตรงกับโจทย์ที่กำหนด
• ข้อ ง. (ยา A มีค่า Capacity factor มากกว่าสาร B): ข้อนี้ไม่ใช่คำตอบที่ถูกต้องสำหรับภาวะ HPLC (Liquid Chromatography) เนื่องจากกลไกการออกฤทธิ์, efficacy หรือข้อบ่งใช้ไม่ตรงกับโจทย์ที่กำหนด
• ข้อ จ. (ไม่มีตัวเลือกใดผิด): ข้อนี้ไม่ใช่คำตอบที่ถูกต้องสำหรับภาวะ HPLC (Liquid Chromatography) เนื่องจากกลไกการออกฤทธิ์, efficacy หรือข้อบ่งใช้ไม่ตรงกับโจทย์ที่กำหนด

📖 Guideline อ้างอิง:
The United States Pharmacopeia (USP-NF 2024) General Chapter <621> Chromatography & British Pharmacopoeia (BP 2024) Appendix III

📌 จุดจำก่อนสอบ:
• Excipient Function: แม่นยำในบทบาทหน้าที่ของ excipients (diluent, binder, disintegrant, lubricant)
• Quality Specs: จำเกณฑ์ pharmacopoeia limits สำหรับ stability, dissolution และ uniformity
• Defect Troubleshooting: วิเคราะห์สาเหตุและวิธีแก้ไขปัญหา formulation defects เชิงสูตรตำรับ",,HPLC (Liquid Chromatography),Product,ข้อ 16 (PLE_CC1_Practice_Exam.md),Mock,Mock สภาเภสัชฯ Practice,
38,โครมาโทรกราฟีประเภทใดที่ใช้กระจกเคลือบด้วยซิลิกาเจลหรืออะลูมินาแล้วเกลี่ยให้บางเป็นตัวดูด ซับ,,Column Chromatography,Paper Chromatography,Thin layer Chromatography,Glass Chromatography,ถูกทุกข้อ,1,"✅ คำตอบที่ถูกต้อง: ข้อ ก. Column Chromatography

💡 Background:
การวิเคราะห์และการควบคุมคุณภาพทางเภสัชกรรม (QC) ต้องเลือกเทคนิคที่ให้ accuracy, precision และ specificity ตามเกณฑ์มาตรฐานเภสัชตำรับ

🎯 ทำไมข้อนี้ถึงถูก:
Column Chromatography 💡 คำอธิบายและเหตุผลทางเภสัชกรรม:
💡 คำอธิบายและเหตุผลทางเภสัชกรรม:
การเลือก Column Chromatography เป็นคำตอบที่ถูกต้องและสอดคล้องกับ evidence-based guidelines ของภาวะ HPLC (Liquid Chromatography) โดยมี clinical efficacy สูงสุดในการรักษาและมี safety profile ที่เหมาะสม
USP/NF, British Pharmacopoeia (BP) และ Remington: The Science and Practice of Pharmacy (หัวข้อ HPLC (Liquid Chromatography))

🔍 ข้ออื่นผิดเพราะอะไร:
• ข้อ ข. (Paper Chromatography): ข้อนี้ไม่ใช่คำตอบที่ถูกต้องสำหรับภาวะ HPLC (Liquid Chromatography) เนื่องจากกลไกการออกฤทธิ์, efficacy หรือข้อบ่งใช้ไม่ตรงกับโจทย์ที่กำหนด
• ข้อ ค. (Thin layer Chromatography): ข้อนี้ไม่ใช่คำตอบที่ถูกต้องสำหรับภาวะ HPLC (Liquid Chromatography) เนื่องจากกลไกการออกฤทธิ์, efficacy หรือข้อบ่งใช้ไม่ตรงกับโจทย์ที่กำหนด
• ข้อ ง. (Glass Chromatography): ข้อนี้ไม่ใช่คำตอบที่ถูกต้องสำหรับภาวะ HPLC (Liquid Chromatography) เนื่องจากกลไกการออกฤทธิ์, efficacy หรือข้อบ่งใช้ไม่ตรงกับโจทย์ที่กำหนด
• ข้อ จ. (ถูกทุกข้อ): ข้อนี้ไม่ถูกต้องเนื่องจากมีตัวเลือกที่จำเพาะและตรงตามเกณฑ์มาตรฐานเวชปฏิบัติอย่างชัดเจน

📖 Guideline อ้างอิง:
The United States Pharmacopeia (USP-NF 2024) General Chapter <621> Chromatography & British Pharmacopoeia (BP 2024) Appendix III

📌 จุดจำก่อนสอบ:
• Excipient Function: แม่นยำในบทบาทหน้าที่ของ excipients (diluent, binder, disintegrant, lubricant)
• Quality Specs: จำเกณฑ์ pharmacopoeia limits สำหรับ stability, dissolution และ uniformity
• Defect Troubleshooting: วิเคราะห์สาเหตุและวิธีแก้ไขปัญหา formulation defects เชิงสูตรตำรับ",,HPLC (Liquid Chromatography),Product,ข้อ 20 (PLE_CC1_Practice_Exam.md),Mock,Mock สภาเภสัชฯ Practice,
39,ใช้ TLC พิสูจน์เอกลักษณ์โดยได้,,HILIC (Hydrophilic Interaction LC),Ultra-High Performance LC (UHPLC),GC-Mass Spectrometry (GC-MS),Reversed-Phase HPLC,Normal-Phase HPLC (Silica column),1,"✅ คำตอบที่ถูกต้อง: ข้อ ก. HILIC (Hydrophilic Interaction LC)

💡 Background:
การพัฒนาสูตรตำรับยาเม็ด (Tablet formulation) ต้องควบคุม powder flowability, compressibility และเลือก excipients เพื่อป้องกัน tablet defects และให้ dissolution rate ตามมาตรฐาน

🎯 ทำไมข้อนี้ถึงถูก:
HILIC (Hydrophilic Interaction LC) 💡 คำอธิบายและเหตุผลทางเภสัชกรรม:
💡 คำอธิบายและเหตุผลทางเภสัชกรรม:
การเลือก HILIC (Hydrophilic Interaction LC) เป็นคำตอบที่ถูกต้องและสอดคล้องกับ evidence-based guidelines ของภาวะ TLC (Thin Layer) โดยมี clinical efficacy สูงสุดในการรักษาและมี safety profile ที่เหมาะสม
USP/NF, British Pharmacopoeia (BP) และ Remington: The Science and Practice of Pharmacy (หัวข้อ TLC (Thin Layer))

🔍 ข้ออื่นผิดเพราะอะไร:
• ข้อ ข. (Ultra-High Performance LC (UHPLC)): ข้อนี้ไม่ใช่คำตอบที่ถูกต้องสำหรับภาวะ TLC (Thin Layer) เนื่องจากกลไกการออกฤทธิ์, efficacy หรือข้อบ่งใช้ไม่ตรงกับโจทย์ที่กำหนด
• ข้อ ค. (GC-Mass Spectrometry (GC-MS)): ข้อนี้ไม่ใช่คำตอบที่ถูกต้องสำหรับภาวะ TLC (Thin Layer) เนื่องจากกลไกการออกฤทธิ์, efficacy หรือข้อบ่งใช้ไม่ตรงกับโจทย์ที่กำหนด
• ข้อ ง. (Reversed-Phase HPLC): ข้อนี้ไม่ใช่คำตอบที่ถูกต้องสำหรับภาวะ TLC (Thin Layer) เนื่องจากกลไกการออกฤทธิ์, efficacy หรือข้อบ่งใช้ไม่ตรงกับโจทย์ที่กำหนด
• ข้อ จ. (Normal-Phase HPLC (Silica column)): ข้อนี้ไม่ใช่คำตอบที่ถูกต้องสำหรับภาวะ TLC (Thin Layer) เนื่องจากกลไกการออกฤทธิ์, efficacy หรือข้อบ่งใช้ไม่ตรงกับโจทย์ที่กำหนด

📖 Guideline อ้างอิง:
The United States Pharmacopeia (USP-NF 2024) General Chapter <621> Chromatography & British Pharmacopoeia (BP 2024) Appendix III

📌 จุดจำก่อนสอบ:
• Excipient Function: แม่นยำในบทบาทหน้าที่ของ excipients (diluent, binder, disintegrant, lubricant)
• Quality Specs: จำเกณฑ์ pharmacopoeia limits สำหรับ stability, dissolution และ uniformity
• Defect Troubleshooting: วิเคราะห์สาเหตุและวิธีแก้ไขปัญหา formulation defects เชิงสูตรตำรับ",,TLC (Thin Layer),Product,ข้อ 5 (PLE_CC1_Key_Rx20_UBU.md),Mock,Mock Rx20 UBU,
40,ในการตรวจวัดระดับยาคุมกำเนิดในเม็ดยา ควรใช้วิธีการใดในการวัด,,IR,HPLC,Specific rotation by polarimeter,Refractive index by refractorymeter,TLC,2,"✅ คำตอบที่ถูกต้อง: ข้อ ข. HPLC

💡 Background:
การวิเคราะห์และการควบคุมคุณภาพทางเภสัชกรรม (QC) ต้องเลือกเทคนิคที่ให้ accuracy, precision และ specificity ตามเกณฑ์มาตรฐานเภสัชตำรับ

🎯 ทำไมข้อนี้ถึงถูก:
HPLC 💡 คำอธิบายและเหตุผลทางเภสัชกรรม:
💡 คำอธิบายและเหตุผลทางเภสัชกรรม:
การเลือก HPLC เป็นคำตอบที่ถูกต้องและสอดคล้องกับ evidence-based guidelines ของภาวะ HPLC (Liquid Chromatography) โดยมี clinical efficacy สูงสุดในการรักษาและมี safety profile ที่เหมาะสม
USP/NF, British Pharmacopoeia (BP) และ Remington: The Science and Practice of Pharmacy (หัวข้อ HPLC (Liquid Chromatography))

🔍 ข้ออื่นผิดเพราะอะไร:
• ข้อ ก. (IR): ข้อนี้ไม่ใช่คำตอบที่ถูกต้องสำหรับภาวะ HPLC (Liquid Chromatography) เนื่องจากกลไกการออกฤทธิ์, efficacy หรือข้อบ่งใช้ไม่ตรงกับโจทย์ที่กำหนด
• ข้อ ค. (Specific rotation by polarimeter): ข้อนี้ไม่ใช่คำตอบที่ถูกต้องสำหรับภาวะ HPLC (Liquid Chromatography) เนื่องจากกลไกการออกฤทธิ์, efficacy หรือข้อบ่งใช้ไม่ตรงกับโจทย์ที่กำหนด
• ข้อ ง. (Refractive index by refractorymeter): ข้อนี้ไม่ใช่คำตอบที่ถูกต้องสำหรับภาวะ HPLC (Liquid Chromatography) เนื่องจากกลไกการออกฤทธิ์, efficacy หรือข้อบ่งใช้ไม่ตรงกับโจทย์ที่กำหนด
• ข้อ จ. (TLC): ข้อนี้ไม่ใช่คำตอบที่ถูกต้องสำหรับภาวะ HPLC (Liquid Chromatography) เนื่องจากกลไกการออกฤทธิ์, efficacy หรือข้อบ่งใช้ไม่ตรงกับโจทย์ที่กำหนด

📖 Guideline อ้างอิง:
The United States Pharmacopeia (USP-NF 2024) General Chapter <621> Chromatography & British Pharmacopoeia (BP 2024) Appendix III

📌 จุดจำก่อนสอบ:
• Excipient Function: แม่นยำในบทบาทหน้าที่ของ excipients (diluent, binder, disintegrant, lubricant)
• Quality Specs: จำเกณฑ์ pharmacopoeia limits สำหรับ stability, dissolution และ uniformity
• Defect Troubleshooting: วิเคราะห์สาเหตุและวิธีแก้ไขปัญหา formulation defects เชิงสูตรตำรับ",,HPLC (Liquid Chromatography),Product,ข้อ 7 (PLE_CC1_Key_Rx20_UBU.md),Mock,Mock Rx20 UBU,
41,จากสูตรโครงสร้างของ HCTZ จะใช้อะไรในการตรวจสอบเอกลักษณ์ของวัตถุดิบ,,Fingerprint จาก FTIR,Dragendorff’s reagent,Spectrofluorometry,TLC,HILIC (Hydrophilic Interaction LC),1,"✅ คำตอบที่ถูกต้อง: ข้อ ก. Fingerprint จาก FTIR

💡 Background:
การวิเคราะห์และการควบคุมคุณภาพทางเภสัชกรรม (QC) ต้องเลือกเทคนิคที่ให้ accuracy, precision และ specificity ตามเกณฑ์มาตรฐานเภสัชตำรับ

🎯 ทำไมข้อนี้ถึงถูก:
Fingerprint จาก FTIR 💡 คำอธิบายและเหตุผลทางเภสัชกรรม:
💡 คำอธิบายและเหตุผลทางเภสัชกรรม:
การเลือก Fingerprint จาก FTIR เป็นคำตอบที่ถูกต้องและสอดคล้องกับ evidence-based guidelines ของภาวะ HPLC (Liquid Chromatography) โดยมี clinical efficacy สูงสุดในการรักษาและมี safety profile ที่เหมาะสม
USP/NF, British Pharmacopoeia (BP) และ Remington: The Science and Practice of Pharmacy (หัวข้อ HPLC (Liquid Chromatography))

🔍 ข้ออื่นผิดเพราะอะไร:
• ข้อ ข. (Dragendorff’s reagent): ข้อนี้ไม่ใช่คำตอบที่ถูกต้องสำหรับภาวะ HPLC (Liquid Chromatography) เนื่องจากกลไกการออกฤทธิ์, efficacy หรือข้อบ่งใช้ไม่ตรงกับโจทย์ที่กำหนด
• ข้อ ค. (Spectrofluorometry): ข้อนี้ไม่ใช่คำตอบที่ถูกต้องสำหรับภาวะ HPLC (Liquid Chromatography) เนื่องจากกลไกการออกฤทธิ์, efficacy หรือข้อบ่งใช้ไม่ตรงกับโจทย์ที่กำหนด
• ข้อ ง. (TLC): ข้อนี้ไม่ใช่คำตอบที่ถูกต้องสำหรับภาวะ HPLC (Liquid Chromatography) เนื่องจากกลไกการออกฤทธิ์, efficacy หรือข้อบ่งใช้ไม่ตรงกับโจทย์ที่กำหนด
• ข้อ จ. (HILIC (Hydrophilic Interaction LC)): ข้อนี้ไม่ใช่คำตอบที่ถูกต้องสำหรับภาวะ HPLC (Liquid Chromatography) เนื่องจากกลไกการออกฤทธิ์, efficacy หรือข้อบ่งใช้ไม่ตรงกับโจทย์ที่กำหนด

📖 Guideline อ้างอิง:
The United States Pharmacopeia (USP-NF 2024) General Chapter <621> Chromatography & British Pharmacopoeia (BP 2024) Appendix III

📌 จุดจำก่อนสอบ:
• Excipient Function: แม่นยำในบทบาทหน้าที่ของ excipients (diluent, binder, disintegrant, lubricant)
• Quality Specs: จำเกณฑ์ pharmacopoeia limits สำหรับ stability, dissolution และ uniformity
• Defect Troubleshooting: วิเคราะห์สาเหตุและวิธีแก้ไขปัญหา formulation defects เชิงสูตรตำรับ",,HPLC (Liquid Chromatography),Product,ข้อ 2 (PLE_CC1_Key_Rx20_UBU.md),Mock,Mock Rx20 UBU,
42,จากกราฟเป็นการวิเคราะห์โดยเครื่องมือใด,,Chiral HPLC Separation Column,HILIC (Hydrophilic Interaction LC),Ultra-High Performance LC (UHPLC),GC-Mass Spectrometry (GC-MS),Reversed-Phase HPLC,1,"✅ คำตอบที่ถูกต้อง: ข้อ ก. Chiral HPLC Separation Column

💡 Background:
การวิเคราะห์และการควบคุมคุณภาพทางเภสัชกรรม (QC) ต้องเลือกเทคนิคที่ให้ accuracy, precision และ specificity ตามเกณฑ์มาตรฐานเภสัชตำรับ

🎯 ทำไมข้อนี้ถึงถูก:
Chiral HPLC Separation Column 💡 คำอธิบายและเหตุผลทางเภสัชกรรม:
💡 คำอธิบายและเหตุผลทางเภสัชกรรม:
การเลือก Chiral HPLC Separation Column เป็นคำตอบที่ถูกต้องและสอดคล้องกับ evidence-based guidelines ของภาวะ HPLC (Liquid Chromatography) โดยมี clinical efficacy สูงสุดในการรักษาและมี safety profile ที่เหมาะสม
USP/NF, British Pharmacopoeia (BP) และ Remington: The Science and Practice of Pharmacy (หัวข้อ HPLC (Liquid Chromatography))

🔍 ข้ออื่นผิดเพราะอะไร:
• ข้อ ข. (HILIC (Hydrophilic Interaction LC)): ข้อนี้ไม่ใช่คำตอบที่ถูกต้องสำหรับภาวะ HPLC (Liquid Chromatography) เนื่องจากกลไกการออกฤทธิ์, efficacy หรือข้อบ่งใช้ไม่ตรงกับโจทย์ที่กำหนด
• ข้อ ค. (Ultra-High Performance LC (UHPLC)): ข้อนี้ไม่ใช่คำตอบที่ถูกต้องสำหรับภาวะ HPLC (Liquid Chromatography) เนื่องจากกลไกการออกฤทธิ์, efficacy หรือข้อบ่งใช้ไม่ตรงกับโจทย์ที่กำหนด
• ข้อ ง. (GC-Mass Spectrometry (GC-MS)): ข้อนี้ไม่ใช่คำตอบที่ถูกต้องสำหรับภาวะ HPLC (Liquid Chromatography) เนื่องจากกลไกการออกฤทธิ์, efficacy หรือข้อบ่งใช้ไม่ตรงกับโจทย์ที่กำหนด
• ข้อ จ. (Reversed-Phase HPLC): ข้อนี้ไม่ใช่คำตอบที่ถูกต้องสำหรับภาวะ HPLC (Liquid Chromatography) เนื่องจากกลไกการออกฤทธิ์, efficacy หรือข้อบ่งใช้ไม่ตรงกับโจทย์ที่กำหนด

📖 Guideline อ้างอิง:
The United States Pharmacopeia (USP-NF 2024) General Chapter <621> Chromatography & British Pharmacopoeia (BP 2024) Appendix III

📌 จุดจำก่อนสอบ:
• Excipient Function: แม่นยำในบทบาทหน้าที่ของ excipients (diluent, binder, disintegrant, lubricant)
• Quality Specs: จำเกณฑ์ pharmacopoeia limits สำหรับ stability, dissolution และ uniformity
• Defect Troubleshooting: วิเคราะห์สาเหตุและวิธีแก้ไขปัญหา formulation defects เชิงสูตรตำรับ",,HPLC (Liquid Chromatography),Product,ข้อ 82 (PLE_CC1_Key_Rx20_UBU.md),Mock,Mock Rx20 UBU,
43,Gas chromatography,,GC-Mass Spectrometry (GC-MS),Reversed-Phase HPLC,Normal-Phase HPLC (Silica column),Gas Chromatography with FID detector,Thin Layer Chromatography (TLC),1,"✅ คำตอบที่ถูกต้อง: ข้อ ก. GC-Mass Spectrometry (GC-MS)

💡 Background:
การพัฒนาสูตรตำรับยาเม็ด (Tablet formulation) ต้องควบคุม powder flowability, compressibility และเลือก excipients เพื่อป้องกัน tablet defects และให้ dissolution rate ตามมาตรฐาน

🎯 ทำไมข้อนี้ถึงถูก:
GC-Mass Spectrometry (GC-MS) 💡 คำอธิบายและเหตุผลทางเภสัชกรรม:
💡 คำอธิบายและเหตุผลทางเภสัชกรรม:
การเลือก GC-Mass Spectrometry (GC-MS) เป็นคำตอบที่ถูกต้องและสอดคล้องกับ evidence-based guidelines ของภาวะ GC (Gas Chromatography) โดยมี clinical efficacy สูงสุดในการรักษาและมี safety profile ที่เหมาะสม
USP/NF, British Pharmacopoeia (BP) และ Remington: The Science and Practice of Pharmacy (หัวข้อ GC (Gas Chromatography))

🔍 ข้ออื่นผิดเพราะอะไร:
• ข้อ ข. (Reversed-Phase HPLC): ข้อนี้ไม่ใช่คำตอบที่ถูกต้องสำหรับภาวะ GC (Gas Chromatography) เนื่องจากกลไกการออกฤทธิ์, efficacy หรือข้อบ่งใช้ไม่ตรงกับโจทย์ที่กำหนด
• ข้อ ค. (Normal-Phase HPLC (Silica column)): ข้อนี้ไม่ใช่คำตอบที่ถูกต้องสำหรับภาวะ GC (Gas Chromatography) เนื่องจากกลไกการออกฤทธิ์, efficacy หรือข้อบ่งใช้ไม่ตรงกับโจทย์ที่กำหนด
• ข้อ ง. (Gas Chromatography with FID detector): ข้อนี้ไม่ใช่คำตอบที่ถูกต้องสำหรับภาวะ GC (Gas Chromatography) เนื่องจากกลไกการออกฤทธิ์, efficacy หรือข้อบ่งใช้ไม่ตรงกับโจทย์ที่กำหนด
• ข้อ จ. (Thin Layer Chromatography (TLC)): ข้อนี้ไม่ใช่คำตอบที่ถูกต้องสำหรับภาวะ GC (Gas Chromatography) เนื่องจากกลไกการออกฤทธิ์, efficacy หรือข้อบ่งใช้ไม่ตรงกับโจทย์ที่กำหนด

📖 Guideline อ้างอิง:
The United States Pharmacopeia (USP-NF 2024) General Chapter <621> Chromatography & British Pharmacopoeia (BP 2024) Appendix III

📌 จุดจำก่อนสอบ:
• Excipient Function: แม่นยำในบทบาทหน้าที่ของ excipients (diluent, binder, disintegrant, lubricant)
• Quality Specs: จำเกณฑ์ pharmacopoeia limits สำหรับ stability, dissolution และ uniformity
• Defect Troubleshooting: วิเคราะห์สาเหตุและวิธีแก้ไขปัญหา formulation defects เชิงสูตรตำรับ",,GC (Gas Chromatography),Product,ข้อ 4 (PLE_CC1_Key_Rx20_UBU.md),Mock,Mock Rx20 UBU,
44,MZ HPLC หาปริมาณสาร วิเคราะห_หาชนิดสาร NMR หาโครงสร$างของสาร AAS หาปริมาณสาร,,Gas Chromatography with FID detector,Thin Layer Chromatography (TLC),Ion-Exchange Chromatography (IEC),Size Exclusion Chromatography (SEC),Chiral HPLC Separation Column,2,"✅ คำตอบที่ถูกต้อง: ข้อ ข. Thin Layer Chromatography (TLC)

💡 Background:
การวิเคราะห์และการควบคุมคุณภาพทางเภสัชกรรม (QC) ต้องเลือกเทคนิคที่ให้ accuracy, precision และ specificity ตามเกณฑ์มาตรฐานเภสัชตำรับ

🎯 ทำไมข้อนี้ถึงถูก:
Thin Layer Chromatography (TLC) 💡 คำอธิบายและเหตุผลทางเภสัชกรรม:
💡 คำอธิบายและเหตุผลทางเภสัชกรรม:
การเลือก Thin Layer Chromatography (TLC) เป็นคำตอบที่ถูกต้องและสอดคล้องกับ evidence-based guidelines ของภาวะ HPLC (Liquid Chromatography) โดยมี clinical efficacy สูงสุดในการรักษาและมี safety profile ที่เหมาะสม
USP/NF, British Pharmacopoeia (BP) และ Remington: The Science and Practice of Pharmacy (หัวข้อ HPLC (Liquid Chromatography))

🔍 ข้ออื่นผิดเพราะอะไร:
• ข้อ ก. (Gas Chromatography with FID detector): ข้อนี้ไม่ใช่คำตอบที่ถูกต้องสำหรับภาวะ HPLC (Liquid Chromatography) เนื่องจากกลไกการออกฤทธิ์, efficacy หรือข้อบ่งใช้ไม่ตรงกับโจทย์ที่กำหนด
• ข้อ ค. (Ion-Exchange Chromatography (IEC)): ข้อนี้ไม่ใช่คำตอบที่ถูกต้องสำหรับภาวะ HPLC (Liquid Chromatography) เนื่องจากกลไกการออกฤทธิ์, efficacy หรือข้อบ่งใช้ไม่ตรงกับโจทย์ที่กำหนด
• ข้อ ง. (Size Exclusion Chromatography (SEC)): ข้อนี้ไม่ใช่คำตอบที่ถูกต้องสำหรับภาวะ HPLC (Liquid Chromatography) เนื่องจากกลไกการออกฤทธิ์, efficacy หรือข้อบ่งใช้ไม่ตรงกับโจทย์ที่กำหนด
• ข้อ จ. (Chiral HPLC Separation Column): ข้อนี้ไม่ใช่คำตอบที่ถูกต้องสำหรับภาวะ HPLC (Liquid Chromatography) เนื่องจากกลไกการออกฤทธิ์, efficacy หรือข้อบ่งใช้ไม่ตรงกับโจทย์ที่กำหนด

📖 Guideline อ้างอิง:
The United States Pharmacopeia (USP-NF 2024) General Chapter <621> Chromatography & British Pharmacopoeia (BP 2024) Appendix III

📌 จุดจำก่อนสอบ:
• Excipient Function: แม่นยำในบทบาทหน้าที่ของ excipients (diluent, binder, disintegrant, lubricant)
• Quality Specs: จำเกณฑ์ pharmacopoeia limits สำหรับ stability, dissolution และ uniformity
• Defect Troubleshooting: วิเคราะห์สาเหตุและวิธีแก้ไขปัญหา formulation defects เชิงสูตรตำรับ",,HPLC (Liquid Chromatography),Product,ข้อ 5 (PLE_CC1_Key_Rx20_UBU.md),Mock,Mock Rx20 UBU,
45,Norfluoxetine เปลี่ยนแปลงโครงสร$างที่ตำแหนGงใด โจทย_ไมGสมบูรณ_ เปลี่ยนจาก Fluoxetine โดยตัด methyl ที่ Secondary amine ได$ Primary amine,,Size Exclusion Chromatography (SEC),Chiral HPLC Separation Column,HILIC (Hydrophilic Interaction LC),Ultra-High Performance LC (UHPLC),GC-Mass Spectrometry (GC-MS),1,"✅ คำตอบที่ถูกต้อง: ข้อ ก. Size Exclusion Chromatography (SEC)

💡 Background:
การพัฒนาสูตรตำรับยาเม็ด (Tablet formulation) ต้องควบคุม powder flowability, compressibility และเลือก excipients เพื่อป้องกัน tablet defects และให้ dissolution rate ตามมาตรฐาน

🎯 ทำไมข้อนี้ถึงถูก:
Size Exclusion Chromatography (SEC) 💡 คำอธิบายและเหตุผลทางเภสัชกรรม:
💡 คำอธิบายและเหตุผลทางเภสัชกรรม:
การเลือก Size Exclusion Chromatography (SEC) เป็นคำตอบที่ถูกต้องและสอดคล้องกับ evidence-based guidelines ของภาวะ TLC (Thin Layer) โดยมี clinical efficacy สูงสุดในการรักษาและมี safety profile ที่เหมาะสม
USP/NF, British Pharmacopoeia (BP) และ Remington: The Science and Practice of Pharmacy (หัวข้อ TLC (Thin Layer))

🔍 ข้ออื่นผิดเพราะอะไร:
• ข้อ ข. (Chiral HPLC Separation Column): ข้อนี้ไม่ใช่คำตอบที่ถูกต้องสำหรับภาวะ TLC (Thin Layer) เนื่องจากกลไกการออกฤทธิ์, efficacy หรือข้อบ่งใช้ไม่ตรงกับโจทย์ที่กำหนด
• ข้อ ค. (HILIC (Hydrophilic Interaction LC)): ข้อนี้ไม่ใช่คำตอบที่ถูกต้องสำหรับภาวะ TLC (Thin Layer) เนื่องจากกลไกการออกฤทธิ์, efficacy หรือข้อบ่งใช้ไม่ตรงกับโจทย์ที่กำหนด
• ข้อ ง. (Ultra-High Performance LC (UHPLC)): ข้อนี้ไม่ใช่คำตอบที่ถูกต้องสำหรับภาวะ TLC (Thin Layer) เนื่องจากกลไกการออกฤทธิ์, efficacy หรือข้อบ่งใช้ไม่ตรงกับโจทย์ที่กำหนด
• ข้อ จ. (GC-Mass Spectrometry (GC-MS)): ข้อนี้ไม่ใช่คำตอบที่ถูกต้องสำหรับภาวะ TLC (Thin Layer) เนื่องจากกลไกการออกฤทธิ์, efficacy หรือข้อบ่งใช้ไม่ตรงกับโจทย์ที่กำหนด

📖 Guideline อ้างอิง:
The United States Pharmacopeia (USP-NF 2024) General Chapter <621> Chromatography & British Pharmacopoeia (BP 2024) Appendix III

📌 จุดจำก่อนสอบ:
• Excipient Function: แม่นยำในบทบาทหน้าที่ของ excipients (diluent, binder, disintegrant, lubricant)
• Quality Specs: จำเกณฑ์ pharmacopoeia limits สำหรับ stability, dissolution และ uniformity
• Defect Troubleshooting: วิเคราะห์สาเหตุและวิธีแก้ไขปัญหา formulation defects เชิงสูตรตำรับ",,TLC (Thin Layer),Product,ข้อ 76 (PLE_CC1_Key_Rx20_UBU.md),Mock,Mock Rx20 UBU,
46,GC และ HPLC 11.) การ Modify โครงสร้างยาส่วนไหนทำให้มีฤทธิ์เพิ่มขึ้น,,Ultra-High Performance LC (UHPLC),GC-Mass Spectrometry (GC-MS),Reversed-Phase HPLC,Normal-Phase HPLC (Silica column),Gas Chromatography with FID detector,3,"✅ คำตอบที่ถูกต้อง: ข้อ ค. Reversed-Phase HPLC

💡 Background:
การวิเคราะห์และการควบคุมคุณภาพทางเภสัชกรรม (QC) ต้องเลือกเทคนิคที่ให้ accuracy, precision และ specificity ตามเกณฑ์มาตรฐานเภสัชตำรับ

🎯 ทำไมข้อนี้ถึงถูก:
Reversed-Phase HPLC 💡 คำอธิบายและเหตุผลทางเภสัชกรรม:
💡 คำอธิบายและเหตุผลทางเภสัชกรรม:
การเลือก Reversed-Phase HPLC เป็นคำตอบที่ถูกต้องและสอดคล้องกับ evidence-based guidelines ของภาวะ GC (Gas Chromatography) โดยมี clinical efficacy สูงสุดในการรักษาและมี safety profile ที่เหมาะสม
USP/NF, British Pharmacopoeia (BP) และ Remington: The Science and Practice of Pharmacy (หัวข้อ GC (Gas Chromatography))

🔍 ข้ออื่นผิดเพราะอะไร:
• ข้อ ก. (Ultra-High Performance LC (UHPLC)): ข้อนี้ไม่ใช่คำตอบที่ถูกต้องสำหรับภาวะ GC (Gas Chromatography) เนื่องจากกลไกการออกฤทธิ์, efficacy หรือข้อบ่งใช้ไม่ตรงกับโจทย์ที่กำหนด
• ข้อ ข. (GC-Mass Spectrometry (GC-MS)): ข้อนี้ไม่ใช่คำตอบที่ถูกต้องสำหรับภาวะ GC (Gas Chromatography) เนื่องจากกลไกการออกฤทธิ์, efficacy หรือข้อบ่งใช้ไม่ตรงกับโจทย์ที่กำหนด
• ข้อ ง. (Normal-Phase HPLC (Silica column)): ข้อนี้ไม่ใช่คำตอบที่ถูกต้องสำหรับภาวะ GC (Gas Chromatography) เนื่องจากกลไกการออกฤทธิ์, efficacy หรือข้อบ่งใช้ไม่ตรงกับโจทย์ที่กำหนด
• ข้อ จ. (Gas Chromatography with FID detector): ข้อนี้ไม่ใช่คำตอบที่ถูกต้องสำหรับภาวะ GC (Gas Chromatography) เนื่องจากกลไกการออกฤทธิ์, efficacy หรือข้อบ่งใช้ไม่ตรงกับโจทย์ที่กำหนด

📖 Guideline อ้างอิง:
The United States Pharmacopeia (USP-NF 2024) General Chapter <621> Chromatography & British Pharmacopoeia (BP 2024) Appendix III

📌 จุดจำก่อนสอบ:
• Excipient Function: แม่นยำในบทบาทหน้าที่ของ excipients (diluent, binder, disintegrant, lubricant)
• Quality Specs: จำเกณฑ์ pharmacopoeia limits สำหรับ stability, dissolution และ uniformity
• Defect Troubleshooting: วิเคราะห์สาเหตุและวิธีแก้ไขปัญหา formulation defects เชิงสูตรตำรับ",,GC (Gas Chromatography),Product,ข้อ 5 (PLE_CC1_Key_Rx20_UBU.md),Mock,Mock Rx20 UBU,
47,จาก USP ชั่ง Paracetamol 500 mg จำนวน 20 เม็ด ได้น้ำหนัก 20.50 กรัม และชั่งผงยามา 140 mg นำมาวิเคราะห์ HPLC เทียบกับ standard ที่มีความเข้มข้น 5 mg/ml พบว่า Sample มี AUC 2500 และ Standard มี AUC 2500 จงหาว่า paracetamol นี้มี %assay เท่าไหร่,,100 %,68 %,146 %,84 %,72 %,1,"✅ คำตอบที่ถูกต้อง: ข้อ ก. 100 %

💡 Background:
การวิเคราะห์และการควบคุมคุณภาพทางเภสัชกรรม (QC) ต้องเลือกเทคนิคที่ให้ accuracy, precision และ specificity ตามเกณฑ์มาตรฐานเภสัชตำรับ

🎯 ทำไมข้อนี้ถึงถูก:
100 % 💡 คำอธิบายและเหตุผลทางเภสัชกรรม:
💡 คำอธิบายและเหตุผลทางเภสัชกรรม:
การเลือก 100 % เป็นคำตอบที่ถูกต้องและสอดคล้องกับ evidence-based guidelines ของภาวะ HPLC (Liquid Chromatography) โดยมี clinical efficacy สูงสุดในการรักษาและมี safety profile ที่เหมาะสม
USP/NF, British Pharmacopoeia (BP) และ Remington: The Science and Practice of Pharmacy (หัวข้อ HPLC (Liquid Chromatography))

🔍 ข้ออื่นผิดเพราะอะไร:
• ข้อ ข. (68 %): ข้อนี้ไม่ใช่คำตอบที่ถูกต้องสำหรับภาวะ HPLC (Liquid Chromatography) เนื่องจากกลไกการออกฤทธิ์, efficacy หรือข้อบ่งใช้ไม่ตรงกับโจทย์ที่กำหนด
• ข้อ ค. (146 %): ข้อนี้ไม่ใช่คำตอบที่ถูกต้องสำหรับภาวะ HPLC (Liquid Chromatography) เนื่องจากกลไกการออกฤทธิ์, efficacy หรือข้อบ่งใช้ไม่ตรงกับโจทย์ที่กำหนด
• ข้อ ง. (84 %): ข้อนี้ไม่ใช่คำตอบที่ถูกต้องสำหรับภาวะ HPLC (Liquid Chromatography) เนื่องจากกลไกการออกฤทธิ์, efficacy หรือข้อบ่งใช้ไม่ตรงกับโจทย์ที่กำหนด
• ข้อ จ. (72 %): ข้อนี้ไม่ใช่คำตอบที่ถูกต้องสำหรับภาวะ HPLC (Liquid Chromatography) เนื่องจากกลไกการออกฤทธิ์, efficacy หรือข้อบ่งใช้ไม่ตรงกับโจทย์ที่กำหนด

📖 Guideline อ้างอิง:
The United States Pharmacopeia (USP-NF 2024) General Chapter <541> Titrimetry & British Pharmacopoeia (BP 2024) Appendix VIII

📌 จุดจำก่อนสอบ:
• Excipient Function: แม่นยำในบทบาทหน้าที่ของ excipients (diluent, binder, disintegrant, lubricant)
• Quality Specs: จำเกณฑ์ pharmacopoeia limits สำหรับ stability, dissolution และ uniformity
• Defect Troubleshooting: วิเคราะห์สาเหตุและวิธีแก้ไขปัญหา formulation defects เชิงสูตรตำรับ",,HPLC (Liquid Chromatography),Product,ข้อ 34 (PLE_CC1_Key_Rx20_UBU.md),Mock,Mock Rx20 UBU,
48,วิธีใดเหมาะสมในการตรวจหา related substance ที่ปนเปื้อนอยู่ในวัตถุดิบ doxorubicin,,UV spectrophotometer,IR,HPLC,Fluorimeter,Potentiometer substrate,3,"✅ คำตอบที่ถูกต้อง: ข้อ ค. HPLC

💡 Background:
การวิเคราะห์และการควบคุมคุณภาพทางเภสัชกรรม (QC) ต้องเลือกเทคนิคที่ให้ accuracy, precision และ specificity ตามเกณฑ์มาตรฐานเภสัชตำรับ

🎯 ทำไมข้อนี้ถึงถูก:
HPLC 💡 คำอธิบายและเหตุผลทางเภสัชกรรม:
💡 คำอธิบายและเหตุผลทางเภสัชกรรม:
การเลือก HPLC เป็นคำตอบที่ถูกต้องและสอดคล้องกับ evidence-based guidelines ของภาวะ HPLC (Liquid Chromatography) โดยมี clinical efficacy สูงสุดในการรักษาและมี safety profile ที่เหมาะสม
USP/NF, British Pharmacopoeia (BP) และ Remington: The Science and Practice of Pharmacy (หัวข้อ HPLC (Liquid Chromatography))

🔍 ข้ออื่นผิดเพราะอะไร:
• ข้อ ก. (UV spectrophotometer): ข้อนี้ไม่ใช่คำตอบที่ถูกต้องสำหรับภาวะ HPLC (Liquid Chromatography) เนื่องจากกลไกการออกฤทธิ์, efficacy หรือข้อบ่งใช้ไม่ตรงกับโจทย์ที่กำหนด
• ข้อ ข. (IR): ข้อนี้ไม่ใช่คำตอบที่ถูกต้องสำหรับภาวะ HPLC (Liquid Chromatography) เนื่องจากกลไกการออกฤทธิ์, efficacy หรือข้อบ่งใช้ไม่ตรงกับโจทย์ที่กำหนด
• ข้อ ง. (Fluorimeter): ข้อนี้ไม่ใช่คำตอบที่ถูกต้องสำหรับภาวะ HPLC (Liquid Chromatography) เนื่องจากกลไกการออกฤทธิ์, efficacy หรือข้อบ่งใช้ไม่ตรงกับโจทย์ที่กำหนด
• ข้อ จ. (Potentiometer substrate): ข้อนี้ไม่ใช่คำตอบที่ถูกต้องสำหรับภาวะ HPLC (Liquid Chromatography) เนื่องจากกลไกการออกฤทธิ์, efficacy หรือข้อบ่งใช้ไม่ตรงกับโจทย์ที่กำหนด

📖 Guideline อ้างอิง:
The United States Pharmacopeia (USP-NF 2024) General Chapter <621> Chromatography & British Pharmacopoeia (BP 2024) Appendix III

📌 จุดจำก่อนสอบ:
• Excipient Function: แม่นยำในบทบาทหน้าที่ของ excipients (diluent, binder, disintegrant, lubricant)
• Quality Specs: จำเกณฑ์ pharmacopoeia limits สำหรับ stability, dissolution และ uniformity
• Defect Troubleshooting: วิเคราะห์สาเหตุและวิธีแก้ไขปัญหา formulation defects เชิงสูตรตำรับ",,HPLC (Liquid Chromatography),Product,ข้อ 17 (PLE_CC1_Key_Rx20_UBU.md),Mock,Mock Rx20 UBU,
49,ให้ใบ COA ของยา cloxacillin 500 mg ซึ่งระบุหัวข้อการทดสอบ ดังนี้ - assay อยู่ในช่วงประมาณ 90-120% - identification ระบุว่า ผ่าน - dissolution Q = 80 ข้อใดถูกต้อง,,ถ้ายามีความแรง 608 mg แสดงว่าผ่านมาตรฐาน,Identification ใช้วิธี HPLC ดูจาก retention time เทียบกับสารมาตรฐาน,ยาผ่านมาตรฐานเพราะทุกค่ามีปริมาณยาที่ละลายเกิน 80%,ยาผ่านมาตรฐาน dissolution test เมื่อยาละลายหมดใน 45 นาที,ยาไม่ผ่านมาตรฐานหากใช้ mobile phase ต่างชนิดจากที่ระบุใน USP ตอบ b) Identification ใช้วิธี HPLC ดูจาก retention time เทียบกับสารมาตรฐาน,1,"✅ คำตอบที่ถูกต้อง: ข้อ ก. ถ้ายามีความแรง 608 mg แสดงว่าผ่านมาตรฐาน

💡 Background:
การวิเคราะห์และการควบคุมคุณภาพทางเภสัชกรรม (QC) ต้องเลือกเทคนิคที่ให้ accuracy, precision และ specificity ตามเกณฑ์มาตรฐานเภสัชตำรับ

🎯 ทำไมข้อนี้ถึงถูก:
ถ้ายามีความแรง 608 mg แสดงว่าผ่านมาตรฐาน 💡 คำอธิบายและเหตุผลทางเภสัชกรรม:
💡 คำอธิบายและเหตุผลทางเภสัชกรรม:
การเลือก ถ้ายามีความแรง 608 mg แสดงว่าผ่านมาตรฐาน เป็นคำตอบที่ถูกต้องและสอดคล้องกับ evidence-based guidelines ของภาวะ HPLC (Liquid Chromatography) โดยมี clinical efficacy สูงสุดในการรักษาและมี safety profile ที่เหมาะสม
USP/NF, British Pharmacopoeia (BP) และ Remington: The Science and Practice of Pharmacy (หัวข้อ HPLC (Liquid Chromatography))

🔍 ข้ออื่นผิดเพราะอะไร:
• ข้อ ข. (Identification ใช้วิธี HPLC ดูจาก retention time เทียบกับสารมาตรฐาน): ข้อนี้ไม่ใช่คำตอบที่ถูกต้องสำหรับภาวะ HPLC (Liquid Chromatography) เนื่องจากกลไกการออกฤทธิ์, efficacy หรือข้อบ่งใช้ไม่ตรงกับโจทย์ที่กำหนด
• ข้อ ค. (ยาผ่านมาตรฐานเพราะทุกค่ามีปริมาณยาที่ละลายเกิน 80%): ข้อนี้ไม่ใช่คำตอบที่ถูกต้องสำหรับภาวะ HPLC (Liquid Chromatography) เนื่องจากกลไกการออกฤทธิ์, efficacy หรือข้อบ่งใช้ไม่ตรงกับโจทย์ที่กำหนด
• ข้อ ง. (ยาผ่านมาตรฐาน dissolution test เมื่อยาละลายหมดใน 45 นาที): ข้อนี้ไม่ใช่คำตอบที่ถูกต้องสำหรับภาวะ HPLC (Liquid Chromatography) เนื่องจากกลไกการออกฤทธิ์, efficacy หรือข้อบ่งใช้ไม่ตรงกับโจทย์ที่กำหนด
• ข้อ จ. (ยาไม่ผ่านมาตรฐานหากใช้ mobile phase ต่างชนิดจากที่ระบุใน USP ตอบ b) Identification ใช้วิธี HPLC ดูจาก retention time เทียบกับสารมาตรฐาน): ข้อนี้ไม่ใช่คำตอบที่ถูกต้องสำหรับภาวะ HPLC (Liquid Chromatography) เนื่องจากกลไกการออกฤทธิ์, efficacy หรือข้อบ่งใช้ไม่ตรงกับโจทย์ที่กำหนด

📖 Guideline อ้างอิง:
The United States Pharmacopeia (USP-NF 2024) General Chapter <541> Titrimetry & British Pharmacopoeia (BP 2024) Appendix VIII

📌 จุดจำก่อนสอบ:
• Excipient Function: แม่นยำในบทบาทหน้าที่ของ excipients (diluent, binder, disintegrant, lubricant)
• Quality Specs: จำเกณฑ์ pharmacopoeia limits สำหรับ stability, dissolution และ uniformity
• Defect Troubleshooting: วิเคราะห์สาเหตุและวิธีแก้ไขปัญหา formulation defects เชิงสูตรตำรับ",,HPLC (Liquid Chromatography),Product,ข้อ 45 (PLE_CC1_Key_Rx20_UBU.md),Mock,Mock Rx20 UBU,
